n,lambda,phi,eps,gamma,theta_rough,offset,mpn,calculated_mpn,calculated_FI,1,11,101,111,1001,1011,1101,1111,10001,10011,10101,10111,11001,11011,11101,11111,100001,100011,100101,100111,101001,101011,101101,101111,110001,110011,110101,110111,111001,111011,111101,111111
1000000,0.8,0.7853981633974483,0.067,2.05,0.19978989494747373,0.006669603248243563,0.0002504535141233473,0.00024267734054766787,13.252083364141273,49.53366292227803,14.762909562924118,0.8336551386491241,9.73604616989111,0.21243675486241564,0.6434896152404227,1.009464925151208,4.106718753810534,0.12014455509177913,0.039573903302441794,0.06495157205112692,0.2567355036727597,0.12638152814489007,0.035817857868282246,0.08006225941153602,0.5977399517780816,0.04971025614890951,0.006506196394020937,0.00892554163730525,0.056125292052052356,0.0063289575095324055,0.001449154437815415,0.004044538128380851,0.04105713545992769,0.04073961256668182,0.009408189678177782,0.014387013530747993,0.1534213657645771,0.0832993114781248,0.153733568114675,0.15140667978470174,0.9820108110064664
1000000,0.8,0.7853981633974483,0.067,2.05,0.1995897948974487,0.006669603248243563,0.0002351397572503517,0.0002277661188793127,13.254227900097534,46.533446158693266,13.836266909335864,0.7802969257144016,9.147270282322772,0.19934900255963803,0.6036462746494303,0.946568728546772,3.849740268048845,0.11328732091085662,0.036855965255939274,0.0608055677537769,0.2405784247952375,0.11837000662900267,0.033415001769679216,0.07482099945212581,0.5621794085502437,0.04704560866443312,0.0059777268624789616,0.00832155090199927,0.05264804126142701,0.005933841648392782,0.001345972907941075,0.003762667520543862,0.038534768293158154,0.03835033504859632,0.008944234106310806,0.013559607920817,0.1438599177531848,0.07813742630409727,0.14410641070929198,0.14200781915434857,0.9206543485810122
1000000,0.8,0.7853981633974483,0.067,2.05,0.19974987493746874,0.006669603248243563,0.0002473519431100156,0.0002396567186578642,13.25251239161868,48.926236486365525,14.575043434943304,0.8228289260530057,9.616850656003848,0.20978466069234214,0.6354161289861116,0.9967172840110825,4.054626028081199,0.11875889497441663,0.03902096820173472,0.06411048256646984,0.2534594168184942,0.12475650742394594,0.03532928690225386,0.07899785114614523,0.5905455093124337,0.049172826953385276,0.006397989194766393,0.008802734147152238,0.05542052949602396,0.006248840645946362,0.0014281229216015284,0.00398715791781488,0.04054617932487115,0.04025627571281543,0.009314974419928238,0.014219846368380645,0.15148349066760008,0.0822533072365032,0.15178199636577103,0.14950204538856934,0.9695739561255621
1000000,0.8,0.7853981633974483,0.067,2.05,0.19946973486743372,0.006669603248243563,0.00022618438005180767,0.0002190495075424042,13.25551389966688,44.77764531125486,13.295471101964035,0.7492056754401543,8.802654691239571,0.19170313553001,0.5803684302142259,0.9098397603027127,3.6997268198844195,0.10925857471100886,0.03528080813060625,0.05838904054721198,0.23115147019557655,0.11369888879357708,0.03202086242352842,0.07177260880823597,0.5413383806800499,0.04547397784753807,0.005675465867886534,0.00797111954657739,0.05061742050871702,0.005703307500851277,0.00128640462970056,0.0035995225608043946,0.03706022324603475,0.036949675852397515,0.008668493001914654,0.013073350933304497,0.1382763231826743,0.07512194657105457,0.13848664292020113,0.13651749330981666,0.8848320119208669
1000000,0.8,0.7853981633974483,0.067,2.05,0.1994097048524262,0.006669603248243563,0.000221772172367021,0.000214755868688771,13.256156696278541,43.9122241841691,13.029331658151305,0.7339184091390352,8.63278270681451,0.18793818087491834,0.5689058914409931,0.8917583512532395,3.6258906733689122,0.10726839856786212,0.034508686372421805,0.05720066905537201,0.22651288941570907,0.1114013309204736,0.0313370124541104,0.07027529864318345,0.5310576632203519,0.0446958649710443,0.005528405669367262,0.007799233115069329,0.049617729643756305,0.005589868426475673,0.0012572672243073753,0.003519608775457459,0.03633387636070824,0.036258609954072325,0.008531396869725693,0.012833114132022951,0.13552754271157197,0.07363712850462649,0.13572066161953303,0.13381416364492218,0.8671990126610205
1000000,0.8,0.7853981633974483,0.067,2.05,0.20017008504252126,0.006669603248243563,0.000280886850761266,0.0002723315227638944,13.24800460595907,55.48806453699729,16.61122717970654,0.9403911115634458,10.904253301903669,0.23849734547841564,0.7228080528142139,1.1347812583106225,4.6190550126790395,0.13366022235569675,0.04506404491191619,0.07324060299471737,0.2889786544664977,0.14239008856213753,0.04066248943609592,0.09058200203138031,0.6681291837681242,0.05492683711401136,0.0075991093742039115,0.010143126599272582,0.06305404441553841,0.007117579078030368,0.0016590785060804033,0.004615254076083919,0.04607306032574329,0.04546789348887206,0.010303594751235667,0.016016543570598757,0.17247125220370688,0.0935771459711479,0.17292806969547173,0.17012226487670482,1.104305341425642
1000000,0.8,0.7853981633974483,0.067,2.05,0.2008304152076038,0.006669603248243563,0.000337912361706132,0.0003279672943756268,13.240907577219993,66.61848112533251,20.097410323015918,1.1427526629996085,13.086869881831394,0.2875198578854057,0.8718919249539988,1.3706709536660369,5.58455671459645,0.1586301078702582,0.055653629092183465,0.08893959022177642,0.3498492694354114,0.17268513392190668,0.04998141671950702,0.11064759989385459,0.7990766857264823,0.06445728853136504,0.009795370356031927,0.012483376519477087,0.07610319867148144,0.008607608915036142,0.002069460925432039,0.005720814115283512,0.05548238949738616,0.054267470023579296,0.011895945841658382,0.019020181985368284,0.20832669320429228,0.11290156833981511,0.20910242268584409,0.20531360972867269,1.3346601307149737
1000000,0.8,0.7853981633974483,0.067,2.05,0.19986993496748373,0.006669603248243563,0.0002567148957545101,0.0002487761865303531,13.251225128829198,50.75958272842462,15.142457162262044,0.8555403568618214,9.976595714365173,0.21779288069332972,0.659794001652227,1.0352132241360181,4.211951876741293,0.12293711926601592,0.040693915035193776,0.06665164806966875,0.26335486782729717,0.12966577071482188,0.03680710648755379,0.08221545408994455,0.612252013305447,0.0507918269623029,0.006726446140431728,0.009174193964623042,0.0575488225024919,0.006490838582748652,0.0014918180316207618,0.0041608225570082865,0.04208877700131995,0.04171450440949596,0.009595235149670128,0.014723859384815316,0.15733555354241366,0.08541178878094739,0.15767600051205288,0.1552532874090434,1.0071333212815075
1000000,0.8,0.7853981633974483,0.067,2.05,0.20005002501250624,0.006669603248243563,0.0002710869749922614,0.00026277958778511343,13.249293220514067,53.57181335287803,16.015085780529276,0.9059218774208091,10.528344533123269,0.23009801066809082,0.6972472358721705,1.0943825075921825,4.453844899119413,0.12932357205717512,0.04328351261854987,0.07056440219043054,0.27857695311665415,0.1372227115838557,0.03909250139618176,0.08717974032657115,0.6455029425919968,0.05325790692222922,0.007241050947838002,0.009748591173461196,0.06082023740733467,0.0068631380606502534,0.0015907798606540353,0.004429970301040835,0.04445742780586404,0.043948059634392335,0.010018977845905623,0.01549391471419215,0.1663301671641681,0.09026479477239524,0.16673841535401596,0.16409041657060963,1.0648742495776848
1000000,0.8,0.7853981633974483,0.067,2.05,0.19996998499249624,0.006669603248243563,0.00026465083688227004,0.0002565078009127708,13.250151996625988,52.31272164070744,15.624058608610992,0.8833347517333334,10.281326925387045,0.22458560383445367,0.6804699100482612,1.0678736122048365,4.34546079546252,0.12646754867522403,0.042120622966640354,0.06881039453257472,0.27175532647107936,0.13383538830221425,0.038066526472876984,0.08495286914543244,0.6306225683379771,0.05215632541819815,0.007009046873237761,0.009490738897818304,0.05935455050868984,0.006696288889133976,0.001546285115389867,0.004309057648216626,0.04339657897201962,0.04294852376402617,0.009830164529418149,0.01514959999751411,0.162300445679092,0.08809080577143459,0.16267782300218855,0.16013162369003897,1.0390036311522794
1000000,0.8,0.7853981633974483,0.067,2.05,0.2006503251625813,0.006669603248243563,0.00032183508872047413,0.0003122729154153008,13.242844748443995,63.483868193555644,19.111651557278584,1.0853997279719365,12.472329494325122,0.27367308718297045,0.8298026855594588,1.3040308664764562,5.311656875031278,0.15163356758893173,0.05262947351365499,0.08449235406392666,0.332630120031639,0.16410573029528694,0.04732289571796447,0.10494520223192733,0.7622785812314423,0.06179946792917785,0.009156955537023516,0.011816082276037167,0.07241546253338883,0.008185884645266536,0.001951546567863352,0.005404481431779892,0.05282827552748582,0.051793612830222185,0.0114574758787727,0.018179664731254038,0.1981978344435829,0.10744501987964664,0.19887751478040686,0.19537675955759862,1.2695644680808895
1000000,0.8,0.7853981633974483,0.067,2.05,0.19984992496248125,0.006669603248243563,0.00025514226994618664,0.0002472442731594356,13.25143971019864,50.45171975378117,15.04709294513269,0.8500399112373026,9.91618860260574,0.21644735153495992,0.6556982199918349,1.0287445038591798,4.185512542148178,0.12223632604448936,0.0404121390263055,0.06622438907129428,0.26169161976500416,0.12884042926533898,0.03655827618719844,0.08167410171587534,0.6086086153290889,0.05052059678390907,0.0066709013464247196,0.009111650170205458,0.05719118756564251,0.0064501620888999115,0.0014810767145545676,0.004131560282228298,0.041829650224663936,0.041469754329062435,0.009548397844560132,0.01463933476267864,0.15635219926069313,0.08488110960111496,0.15668547780287984,0.15428696613096685,1.0008215732933963
1000000,0.8,0.7853981633974483,0.067,2.05,0.20015007503751875,0.006669603248243563,0.0002792413977605878,0.00027072750759658386,13.248219412574013,55.16638924055783,16.511069029131804,0.9345970670521302,10.841153580047866,0.23708654519790448,0.7185149895378365,1.1279951277089346,4.591300213727933,0.13293307167936008,0.044764256718063895,0.07279079515755903,0.2872309076650059,0.14152164249995378,0.04039822448994968,0.09000977595545712,0.6643327138155155,0.05464730599496432,0.007538586223862785,0.010076721112383237,0.06267879834650585,0.007074824006941585,0.0016475646093911831,0.00458404518043096,0.04580175760974318,0.045212877119650365,0.010256044771384091,0.015928928042069055,0.1714396883357598,0.09302080302451386,0.17188821974945617,0.16910914598146753,1.097681335240869
1000000,0.8,0.7853981633974483,0.067,2.05,0.20021010505252626,0.006669603248243563,0.00028419232661214006,0.0002755539893997138,13.247574947712623,56.13417414312714,16.81250625857799,0.952038342504459,11.030990370164757,0.2413320582191487,0.731433718285446,1.1484171844793858,4.674828648726829,0.13511976511582574,0.0456672781302176,0.07414475708017033,0.2924911304419139,0.14413565899587538,0.04119415553265935,0.09173269404068628,0.6757525928909426,0.05548754690146017,0.007721181482826898,0.010276720455677688,0.06380807600880802,0.007203508139224453,0.0016822644047115153,0.00467806796418874,0.046618103247731614,0.04597997906005603,0.010398828603032742,0.01619238498872289,0.1745440478570168,0.09469497718848403,0.17501766973192162,0.17215788197458443,1.1176160072795025
1000000,0.8,0.7853981633974483,0.067,2.05,0.20053026513256628,0.006669603248243563,0.00031133564453801583,0.00030202724493566665,13.244135522147358,61.435357341505146,18.46909773486731,1.0480704764670477,12.070659935811417,0.26464133683368796,0.8023399066585094,1.2605671420252398,5.133725940161658,0.14704668187646447,0.05067067119543762,0.08159687886044234,0.32140911852588755,0.15851889464763855,0.0455998522995751,0.10124013967863414,0.7381970822979412,0.060051933107508504,0.008748117234067187,0.011383437139215963,0.07001086934645946,0.007911169213863646,0.001875474508791108,0.005199841718355871,0.05109552955673991,0.05017521302708246,0.011166829933275148,0.01762812857492222,0.19159141071695504,0.10388506268365748,0.1922109350250905,0.18889373627431102,1.2271160171204205
1000000,0.8,0.7853981633974483,0.067,2.05,0.2005902951475738,0.006669603248243563,0.0003165634958711839,0.0003071283666781721,13.243490202697627,62.45548714969987,18.78891564597751,1.0666448067050962,12.270691652758964,0.26913731532476914,0.8160116831996354,1.2822028333952176,5.222291852393084,0.14933236061436336,0.05164438227041833,0.08303770221998251,0.32699383634453233,0.1612990782728657,0.04645648102420326,0.10308306548700163,0.750192669604173,0.06092326196419864,0.008950882152005986,0.011598545696197234,0.0712077896641368,0.008047886040505131,0.001913259545318413,0.005301541751297701,0.0519582378341025,0.05098133049798954,0.011311981080066463,0.01790301016837255,0.19488002577779762,0.10565727625766179,0.19552924687850748,0.1921211071630641,1.2482455193575626
1000000,0.8,0.7853981633974483,0.067,2.05,0.20039019509754877,0.006669603248243563,0.0002993074049380842,0.0002902934142114949,13.245640743091078,59.0871636869657,17.734179541105185,1.0054300800376064,11.610170835401162,0.2543050893701773,0.7709022562682583,1.2108307652102954,4.930174107108243,0.14177396754106858,0.048442598814607114,0.07828856118534161,0.3085781380470347,0.15213437609378289,0.04363879639969031,0.09701428518121781,0.71055952444525,0.05803784081670517,0.008287674168293806,0.010890894383413738,0.06725975888503183,0.007597127092162027,0.0017892386322301782,0.004967320219200189,0.04911103311209898,0.048318237649941434,0.010829525075850104,0.01699368042469975,0.184031352919493,0.09981021535895855,0.184584495714063,0.18147307222742665,1.1785493762771577
1000000,0.8,0.7853981633974483,0.067,2.05,0.2005902951475738,0.006669603248243563,0.0003165634958711839,0.0003071283666781721,13.243490202697627,62.45548714969987,18.78891564597751,1.0666448067050962,12.270691652758964,0.26913731532476914,0.8160116831996354,1.2822028333952176,5.222291852393084,0.14933236061436336,0.05164438227041833,0.08303770221998251,0.32699383634453233,0.1612990782728657,0.04645648102420326,0.10308306548700163,0.750192669604173,0.06092326196419864,0.008950882152005986,0.011598545696197234,0.0712077896641368,0.008047886040505131,0.001913259545318413,0.005301541751297701,0.0519582378341025,0.05098133049798954,0.011311981080066463,0.01790301016837255,0.19488002577779762,0.10565727625766179,0.19552924687850748,0.1921211071630641,1.2482455193575626
1000000,0.8,0.7853981633974483,0.067,2.05,0.19960980490245123,0.006669603248243563,0.0002366492988027974,0.00022923566040222758,13.254013514176338,46.82931341031344,13.927505454161233,0.7855459769660252,9.205337310002522,0.20063836951580802,0.607571683577047,0.9527636999657401,3.8750464375837685,0.11396503478578038,0.037122523593026376,0.061213492850739376,0.2421690396212914,0.11915840443630596,0.033650807472282177,0.07533606441451131,0.5656890893659726,0.04730953503682551,0.006029172273160541,0.008380824083993271,0.05299053493560284,0.005972739295882319,0.0013560701964928697,0.003790291433950076,0.03878335947112269,0.038586178700154634,0.008990387024967659,0.0136413967966206,0.14480168188173928,0.07864595476422995,0.14505443729681797,0.14293372875004173,0.9266969518282948
1000000,0.8,0.7853981633974483,0.067,2.05,0.20107053526763383,0.006669603248243563,0.00035996137999954903,0.000349502145768395,13.238322797192957,70.91325385074974,21.45286833123947,1.221779633463264,13.928682676413956,0.3065436022404432,0.929685382472851,1.4622289093377117,5.959671953531377,0.16817477179937798,0.05984881559175498,0.09506471645655531,0.3735355457827915,0.18449877672583936,0.05366654432601373,0.11852414505899711,0.8493957959180505,0.06806903184097111,0.010695010873686128,0.013407802624591616,0.08117195682867237,0.009188084850540184,0.002233961186344563,0.006160407984095016,0.05912396758129183,0.05765240428538315,0.012484935586764839,0.02016518235097727,0.22224218507754617,0.12039522147931503,0.22315724389629937,0.2189599131829768,1.4241195286715689
1000000,0.8,0.7853981633974483,0.067,2.05,0.20023011505752877,0.006669603248243563,0.00028585234981182936,0.0002771724421414256,13.247360096083748,56.45860817618522,16.913627506056056,0.9578915628063401,11.09462764447368,0.24275597542053182,0.7357663270655107,1.1552669946215068,4.70284756129601,0.13585215490664476,0.04597072752656491,0.07459910562056388,0.29425586624243416,0.14501278798512698,0.04146156066891398,0.09231116521156009,0.6795795204330383,0.0557687246752067,0.007782732879859267,0.010343909672514001,0.06418686293588433,0.0072466823904625815,0.0016939366977190826,0.0047096735023923735,0.04689184363708308,0.04623704826687788,0.010446511808972348,0.01628061025293483,0.17558528170774085,0.09525646646695828,0.17606742258777403,0.17318038174519157,1.1243026830322895
1000000,0.8,0.7853981633974483,0.067,2.05,0.2009104552276138,0.006669603248243563,0.0003451842256735948,0.00033506819949579515,13.240046223157211,68.03544187498767,20.543997919967094,1.1687691715292208,13.36462900642989,0.2937896341515243,0.8909435555559955,1.400846348933564,5.708164124071825,0.16178429817054307,0.05703117327666054,0.0909563967975192,0.3576520923648097,0.17657530193061058,0.05119181297212778,0.11323821692732253,0.8156907665837384,0.06565257836127239,0.010089011792989322,0.01278708202910485,0.07777345802528167,0.008798782707269167,0.00212335888140165,0.005865063228272176,0.05668319381311885,0.055384794798937806,0.012091739649758107,0.019398783309221804,0.21291301426369466,0.11537170234662016,0.21373373140767,0.20981189183328494,1.3641409495469572
1000000,0.8,0.7853981633974483,0.067,2.05,0.1995897948974487,0.006669603248243563,0.0002351397572503517,0.0002277661188793127,13.254227900097534,46.533446158693266,13.836266909335864,0.7802969257144016,9.147270282322772,0.19934900255963803,0.6036462746494303,0.946568728546772,3.849740268048845,0.11328732091085662,0.036855965255939274,0.0608055677537769,0.2405784247952375,0.11837000662900267,0.033415001769679216,0.07482099945212581,0.5621794085502437,0.04704560866443312,0.0059777268624789616,0.00832155090199927,0.05264804126142701,0.005933841648392782,0.001345972907941075,0.003762667520543862,0.038534768293158154,0.03835033504859632,0.008944234106310806,0.013559607920817,0.1438599177531848,0.07813742630409727,0.14410641070929198,0.14200781915434857,0.9206543485810122
1000000,0.8,0.7853981633974483,0.067,2.05,0.1994897448724362,0.006669603248243563,0.0002276648162067575,0.00022049029861978794,13.255299604025689,45.06796826078052,13.38481459991853,0.7543396507890681,8.859639664184408,0.19296670299697372,0.5842153961582394,0.9159088088544773,3.724512160388636,0.10992555642936161,0.03554046486134935,0.058788107543763096,0.23270874868808714,0.11447036377237402,0.032250764673569216,0.07227568672907647,0.5447860163281275,0.045734492556897995,0.005725085148393877,0.008028906870373288,0.05095296270065478,0.0057413909527520525,0.0012962124634662863,0.0036264053505843797,0.03730395717366196,0.037181403924583134,0.008714307796857732,0.013153859309833487,0.13919895261610246,0.07562028008781391,0.13941513606543604,0.13742479796044282,0.8907508611480297
1000000,0.8,0.7853981633974483,0.067,2.05,0.20031015507753877,0.006669603248243563,0.0002925410151687182,0.0002836943974469456,13.2465005395614,57.76553594596257,17.321327606243347,0.9815022051174037,11.35096750068993,0.24849543882164227,0.7532286792249432,1.1828787187296113,4.815804721797946,0.13879914383601386,0.04719679477882665,0.0764316698433024,0.30137153890277,0.14855031640297509,0.04254170847443511,0.0946459455512921,0.6949885814331959,0.05689891165623369,0.008032402647693879,0.010615291697625352,0.0657138346426594,0.007420780598629208,0.0017411582389565727,0.004837425998866453,0.04799493352034414,0.04727216811215204,0.010637678830262651,0.016635534382491404,0.1797824813100632,0.09751959314593243,0.1802994851520415,0.17730167387442924,1.1512585256105123
1000000,0.8,0.7853981633974483,0.067,2.05,0.19992996498249124,0.006669603248243563,0.0002614618972989279,0.00025340074309759255,13.250581294573287,51.68870181866716,15.43046131908047,0.8721584931728853,10.158895453297077,0.22185549012743108,0.6721601333934015,1.0547460702176072,4.29179462716308,0.12505008938241022,0.04154636557081192,0.06794240107204631,0.26837828617335335,0.13215895009261203,0.03755969702045336,0.08385176214606926,0.6232436564842939,0.05160885887102479,0.006895026483358085,0.009363354055846434,0.05862874595368917,0.0066136947001430866,0.0015243456188160371,0.0042493777956452575,0.042871024195672056,0.04245286240840592,0.009736045660195926,0.014978681503850136,0.16030486047795625,0.08701407275136294,0.16066724663696078,0.15817093999293738,1.0261931607450077
1000000,0.8,0.7853981633974483,0.067,2.05,0.20003001500750375,0.006669603248243563,0.0002694706576527085,0.0002612044305658637,13.249507937065973,53.25565926100265,15.916849514255228,0.9002457277942982,10.46632088775308,0.22871338082051482,0.6930331745744829,1.0877235389830586,4.426617307675823,0.12860693121160818,0.04299098792503442,0.07012364482002391,0.2768630949497394,0.13637156918843077,0.038834463270637824,0.0866199338942929,0.6417675447168283,0.05298168185223704,0.00718255152594885,0.009683741729209773,0.06045205425585322,0.006821217852108047,0.001579578849526978,0.004399547345267709,0.04419099795641435,0.043697149095558836,0.0099717034541455,0.015407527101056718,0.16531791529581072,0.08971873089665305,0.1657183338354143,0.16309603817446477,1.0583753650344017
1000000,0.8,0.7853981633974483,0.067,2.05,0.19974987493746874,0.006669603248243563,0.0002473519431100156,0.0002396567186578642,13.25251239161868,48.926236486365525,14.575043434943304,0.8228289260530057,9.616850656003848,0.20978466069234214,0.6354161289861116,0.9967172840110825,4.054626028081199,0.11875889497441663,0.03902096820173472,0.06411048256646984,0.2534594168184942,0.12475650742394594,0.03532928690225386,0.07899785114614523,0.5905455093124337,0.049172826953385276,0.006397989194766393,0.008802734147152238,0.05542052949602396,0.006248840645946362,0.0014281229216015284,0.00398715791781488,0.04054617932487115,0.04025627571281543,0.009314974419928238,0.014219846368380645,0.15148349066760008,0.0822533072365032,0.15178199636577103,0.14950204538856934,0.9695739561255621
1000000,0.8,0.7853981633974483,0.067,2.05,0.20053026513256628,0.006669603248243563,0.00031133564453801583,0.00030202724493566665,13.244135522147358,61.435357341505146,18.46909773486731,1.0480704764670477,12.070659935811417,0.26464133683368796,0.8023399066585094,1.2605671420252398,5.133725940161658,0.14704668187646447,0.05067067119543762,0.08159687886044234,0.32140911852588755,0.15851889464763855,0.0455998522995751,0.10124013967863414,0.7381970822979412,0.060051933107508504,0.008748117234067187,0.011383437139215963,0.07001086934645946,0.007911169213863646,0.001875474508791108,0.005199841718355871,0.05109552955673991,0.05017521302708246,0.011166829933275148,0.01762812857492222,0.19159141071695504,0.10388506268365748,0.1922109350250905,0.18889373627431102,1.2271160171204205
1000000,0.8,0.7853981633974483,0.067,2.05,0.19976988494247122,0.006669603248243563,0.0002489003021166026,0.00024116463004443444,13.252297885395963,49.22948846754037,14.668817659427145,0.8282323466162582,9.676358445124029,0.21110854554604053,0.6394463159754898,1.003080568370048,4.080628769620955,0.11945083875615882,0.039296848314956896,0.0645302825525737,0.2550946633819001,0.12556759462419123,0.035573069540126456,0.07952904166607061,0.5941375933613967,0.04944126133279398,0.00645193396593187,0.008864011683908872,0.055772327768872525,0.006288830540411455,0.0014386137721943972,0.004015784744740714,0.04080125208362838,0.040497601665683496,0.009361556113467548,0.014303325041649552,0.15245082753088257,0.08277545690693394,0.1527561463692654,0.15045280747566553,0.9757820236675608
1000000,0.8,0.7853981633974483,0.067,2.05,0.19960980490245123,0.006669603248243563,0.0002366492988027974,0.00022923566040222758,13.254013514176338,46.82931341031344,13.927505454161233,0.7855459769660252,9.205337310002522,0.20063836951580802,0.607571683577047,0.9527636999657401,3.8750464375837685,0.11396503478578038,0.037122523593026376,0.061213492850739376,0.2421690396212914,0.11915840443630596,0.033650807472282177,0.07533606441451131,0.5656890893659726,0.04730953503682551,0.006029172273160541,0.008380824083993271,0.05299053493560284,0.005972739295882319,0.0013560701964928697,0.003790291433950076,0.03878335947112269,0.038586178700154634,0.008990387024967659,0.0136413967966206,0.14480168188173928,0.07864595476422995,0.14505443729681797,0.14293372875004173,0.9266969518282948
1000000,0.8,0.7853981633974483,0.067,2.05,0.2005502751375688,0.006669603248243563,0.0003130734017624922,0.0003037227946834619,13.243920430644515,61.774483575008006,18.575379748674536,1.0542418827104727,12.137158655626337,0.26613557908345303,0.8068839236193738,1.267757679836635,5.163159183338949,0.14780684782993245,0.050993980789542315,0.08207561872696258,0.32326496715807645,0.15944268551005186,0.04588431131979838,0.10185231817463121,0.7421855656397542,0.06034183373166318,0.008815340041397406,0.011454870927680506,0.0704086492939275,0.00795659930049169,0.0018880139981636533,0.005233604456388924,0.051382284753865214,0.0504432339767631,0.011215174981149314,0.01771955825587104,0.19268437368428284,0.10447407582707613,0.19331371280256637,0.18996638544727867,1.2341381481500453
1000000,0.8,0.7853981633974483,0.067,2.05,0.1995897948974487,0.006669603248243563,0.0002351397572503517,0.0002277661188793127,13.254227900097534,46.533446158693266,13.836266909335864,0.7802969257144016,9.147270282322772,0.19934900255963803,0.6036462746494303,0.946568728546772,3.849740268048845,0.11328732091085662,0.036855965255939274,0.0608055677537769,0.2405784247952375,0.11837000662900267,0.033415001769679216,0.07482099945212581,0.5621794085502437,0.04704560866443312,0.0059777268624789616,0.00832155090199927,0.05264804126142701,0.005933841648392782,0.001345972907941075,0.003762667520543862,0.038534768293158154,0.03835033504859632,0.008944234106310806,0.013559607920817,0.1438599177531848,0.07813742630409727,0.14410641070929198,0.14200781915434857,0.9206543485810122
1000000,0.8,0.7853981633974483,0.067,2.05,0.19980990495247625,0.006669603248243563,0.0002520115793103536,0.0002441948508079322,13.25186882785598,49.83875971320626,14.857319305209044,0.8390973189150625,9.795913794772165,0.21376929083181193,0.6475460301123694,1.0158703617403309,4.13289601864444,0.1208400426387469,0.03985213531494465,0.06537435220710967,0.25838194097598904,0.12719831024850836,0.03606365380418952,0.08059750695287034,0.6013525787725678,0.049979810753468135,0.006560777650532285,0.008987324424471201,0.056479423004747564,0.0063692216755148745,0.0014597450572739247,0.004073418334837381,0.041313829546871496,0.040982308351247256,0.009454874737533862,0.014470911522636899,0.15439510642657567,0.0838248714505024,0.15471426300250718,0.15236366312507504,0.9882603262940401
1000000,0.8,0.7853981633974483,0.067,2.05,0.19950975487743872,0.006669603248243563,0.00022915010279951018,0.0002219358798319258,13.255085293334652,45.35921560272977,13.47447353936119,0.7594927638156382,8.916805067624285,0.1942345651798038,0.5880754275458159,0.9219988259380403,3.7493842103636665,0.1105943304989929,0.035801266537704414,0.0591886480299587,0.2342715750686875,0.11524465363949193,0.03248164615481528,0.0727807561390887,0.5482440072726783,0.04599557780784198,0.005775005928662951,0.008086940804470788,0.051289661890035386,0.005779609811336226,0.0013060682028998543,0.003653411006082835,0.03754850040796025,0.037413818191320634,0.008760179952819976,0.013234581885795653,0.1401247684822403,0.07612031151547179,0.1403468812561025,0.13833520137293198,0.896690315500481
1000000,0.8,0.7853981633974483,0.067,2.05,0.19982991495747873,0.006669603248243563,0.00025357449785740115,0.0002457171614652,13.251654276541313,50.14477870286706,14.952047046025118,0.8445589041844306,9.85596128420596,0.215106155653365,0.6516155639203142,1.0222968855176038,4.159160602100403,0.12153730006412826,0.04013154650484806,0.0657986241654724,0.2600339785775175,0.12801794319965878,0.03631045926889842,0.08113478686263637,0.6049754685538112,0.05024992450802313,0.006615678909283133,0.009049360462849253,0.056834721288181435,0.006409623160964239,0.0014703857697008005,0.004102425630534069,0.041571334437466904,0.04122568895805763,0.009501610917106064,0.014555018704286373,0.15537205057347175,0.08435213732458936,0.15569823243232378,0.15332375830486247,0.9945305776760206
1000000,0.8,0.7853981633974483,0.067,2.05,0.19992996498249124,0.006669603248243563,0.0002614618972989279,0.00025340074309759255,13.250581294573287,51.68870181866716,15.43046131908047,0.8721584931728853,10.158895453297077,0.22185549012743108,0.6721601333934015,1.0547460702176072,4.29179462716308,0.12505008938241022,0.04154636557081192,0.06794240107204631,0.26837828617335335,0.13215895009261203,0.03755969702045336,0.08385176214606926,0.6232436564842939,0.05160885887102479,0.006895026483358085,0.009363354055846434,0.05862874595368917,0.0066136947001430866,0.0015243456188160371,0.0042493777956452575,0.042871024195672056,0.04245286240840592,0.009736045660195926,0.014978681503850136,0.16030486047795625,0.08701407275136294,0.16066724663696078,0.15817093999293738,1.0261931607450077
1000000,0.8,0.7853981633974483,0.067,2.05,0.19952976488244123,0.006669603248243563,0.00023064024001605347,0.00022338625182149614,13.25487096759502,45.651387200334135,13.564448080158344,0.7646650311641329,8.974150866379311,0.19550672414642,0.5919485277341255,0.9281098190046924,3.7743430079712588,0.11126489544378591,0.03606321528620254,0.05959066314986717,0.23583995260241641,0.11602176062509385,0.0327135087334218,0.07328781957557085,0.5517123477416889,0.046257232814870354,0.0058252293477116185,0.008145221761535182,0.05162751870728557,0.005817964193091312,0.001315971982292472,0.0036805397888195336,0.037793853043046395,0.03764691854241805,0.008806109064233786,0.013315518348031083,0.14105377185596027,0.07662204135237123,0.1412818799046483,0.13924870437384632,0.9026503832028627
1000000,0.8,0.7853981633974483,0.067,2.05,0.2005902951475738,0.006669603248243563,0.0003165634958711839,0.0003071283666781721,13.243490202697627,62.45548714969987,18.78891564597751,1.0666448067050962,12.270691652758964,0.26913731532476914,0.8160116831996354,1.2822028333952176,5.222291852393084,0.14933236061436336,0.05164438227041833,0.08303770221998251,0.32699383634453233,0.1612990782728657,0.04645648102420326,0.10308306548700163,0.750192669604173,0.06092326196419864,0.008950882152005986,0.011598545696197234,0.0712077896641368,0.008047886040505131,0.001913259545318413,0.005301541751297701,0.0519582378341025,0.05098133049798954,0.011311981080066463,0.01790301016837255,0.19488002577779762,0.10565727625766179,0.19552924687850748,0.1921211071630641,1.2482455193575626
1000000,0.8,0.7853981633974483,0.067,2.05,0.19972986493246622,0.006669603248243563,0.0002458084369206333,0.00023815360574764354,13.252726882808293,48.623907116137346,14.481586729706189,0.8174448602054148,9.55752283804419,0.2084650981195857,0.6313990509397628,0.9903750646846751,4.028710491188059,0.1180687250985708,0.03874626081387166,0.06369217094797973,0.2518297606993354,0.12394826428411718,0.03508650804093623,0.07846868528387083,0.5869637054201331,0.04890495366871975,0.006344360911361632,0.008741708610228839,0.055069896576374004,0.0062089877043476184,0.0014176817475542807,0.0039586573818343185,0.040291917090536145,0.04001563477593514,0.00926844497618036,0.014136577823997515,0.15051935411571404,0.08173286196661679,0.15081111670292657,0.14855439271288126,0.963386600224196
1000000,0.8,0.7853981633974483,0.067,2.05,0.1991895947973987,0.006669603248243563,0.00020596746574086465,0.00019938103626748074,13.258512457697236,40.81026170323673,12.077693939269269,0.6793301758289755,8.023829913352113,0.174462998834603,0.5278808939703179,0.8270705924615893,3.3618151466900614,0.10010987686045712,0.03176464643577465,0.05295617846821499,0.20993027440196196,0.1031925590133582,0.02890401385166999,0.06493720899144384,0.49416201719841085,0.04188714200148721,0.00501182106014906,0.007187760758060106,0.04604096637905742,0.005184292613303417,0.001154050609706595,0.003235918726784186,0.033732872561386795,0.033777602728318826,0.008033340770575744,0.011968899982523337,0.12569348173302944,0.06832327921684134,0.1258284106474159,0.12414013239849962,0.8041270424816525
1000000,0.8,0.7853981633974483,0.067,2.05,0.20005002501250624,0.006669603248243563,0.0002710869749922614,0.00026277958778511343,13.249293220514067,53.57181335287803,16.015085780529276,0.9059218774208091,10.528344533123269,0.23009801066809082,0.6972472358721705,1.0943825075921825,4.453844899119413,0.12932357205717512,0.04328351261854987,0.07056440219043054,0.27857695311665415,0.1372227115838557,0.03909250139618176,0.08717974032657115,0.6455029425919968,0.05325790692222922,0.007241050947838002,0.009748591173461196,0.06082023740733467,0.0068631380606502534,0.0015907798606540353,0.004429970301040835,0.04445742780586404,0.043948059634392335,0.010018977845905623,0.01549391471419215,0.1663301671641681,0.09026479477239524,0.16673841535401596,0.16409041657060963,1.0648742495776848
1000000,0.8,0.7853981633974483,0.067,2.05,0.20097048524262132,0.006669603248243563,0.00035068918280900703,0.0003404446470700804,13.239400050559272,69.10776592795115,20.8823691600785,1.1884950670450718,13.574816120107787,0.2985388224193783,0.90537190837061,1.423703470711403,5.801808125378416,0.1641679124759381,0.05807797570709945,0.0924853236932071,0.3635649210760829,0.1795241976838515,0.05211137195499921,0.1152040341301884,0.8282557444355688,0.06655470698889036,0.010313314141086738,0.013017765006556012,0.0790388220440534,0.00894368180673996,0.002164393477250135,0.005974742743817207,0.05759236285562777,0.056229996154339525,0.012238941196957636,0.01968475146433579,0.2163869784592421,0.11724250507536117,0.21724238512170863,0.21321872176484089,1.3864738824962732
1000000,0.8,0.7853981633974483,0.067,2.05,0.20023011505752877,0.006669603248243563,0.00028585234981182936,0.0002771724421414256,13.247360096083748,56.45860817618522,16.913627506056056,0.9578915628063401,11.09462764447368,0.24275597542053182,0.7357663270655107,1.1552669946215068,4.70284756129601,0.13585215490664476,0.04597072752656491,0.07459910562056388,0.29425586624243416,0.14501278798512698,0.04146156066891398,0.09231116521156009,0.6795795204330383,0.0557687246752067,0.007782732879859267,0.010343909672514001,0.06418686293588433,0.0072466823904625815,0.0016939366977190826,0.0047096735023923735,0.04689184363708308,0.04623704826687788,0.010446511808972348,0.01628061025293483,0.17558528170774085,0.09525646646695828,0.17606742258777403,0.17318038174519157,1.1243026830322895
1000000,0.8,0.7853981633974483,0.067,2.05,0.19992996498249124,0.006669603248243563,0.0002614618972989279,0.00025340074309759255,13.250581294573287,51.68870181866716,15.43046131908047,0.8721584931728853,10.158895453297077,0.22185549012743108,0.6721601333934015,1.0547460702176072,4.29179462716308,0.12505008938241022,0.04154636557081192,0.06794240107204631,0.26837828617335335,0.13215895009261203,0.03755969702045336,0.08385176214606926,0.6232436564842939,0.05160885887102479,0.006895026483358085,0.009363354055846434,0.05862874595368917,0.0066136947001430866,0.0015243456188160371,0.0042493777956452575,0.042871024195672056,0.04245286240840592,0.009736045660195926,0.014978681503850136,0.16030486047795625,0.08701407275136294,0.16066724663696078,0.15817093999293738,1.0261931607450077
1000000,0.8,0.7853981633974483,0.067,2.05,0.20097048524262132,0.006669603248243563,0.00035068918280900703,0.0003404446470700804,13.239400050559272,69.10776592795115,20.8823691600785,1.1884950670450718,13.574816120107787,0.2985388224193783,0.90537190837061,1.423703470711403,5.801808125378416,0.1641679124759381,0.05807797570709945,0.0924853236932071,0.3635649210760829,0.1795241976838515,0.05211137195499921,0.1152040341301884,0.8282557444355688,0.06655470698889036,0.010313314141086738,0.013017765006556012,0.0790388220440534,0.00894368180673996,0.002164393477250135,0.005974742743817207,0.05759236285562777,0.056229996154339525,0.012238941196957636,0.01968475146433579,0.2163869784592421,0.11724250507536117,0.21724238512170863,0.21321872176484089,1.3864738824962732
1000000,0.8,0.7853981633974483,0.067,2.05,0.20015007503751875,0.006669603248243563,0.0002792413977605878,0.00027072750759658386,13.248219412574013,55.16638924055783,16.511069029131804,0.9345970670521302,10.841153580047866,0.23708654519790448,0.7185149895378365,1.1279951277089346,4.591300213727933,0.13293307167936008,0.044764256718063895,0.07279079515755903,0.2872309076650059,0.14152164249995378,0.04039822448994968,0.09000977595545712,0.6643327138155155,0.05464730599496432,0.007538586223862785,0.010076721112383237,0.06267879834650585,0.007074824006941585,0.0016475646093911831,0.00458404518043096,0.04580175760974318,0.045212877119650365,0.010256044771384091,0.015928928042069055,0.1714396883357598,0.09302080302451386,0.17188821974945617,0.16910914598146753,1.097681335240869
1000000,0.8,0.7853981633974483,0.067,2.05,0.2006503251625813,0.006669603248243563,0.00032183508872047413,0.0003122729154153008,13.242844748443995,63.483868193555644,19.111651557278584,1.0853997279719365,12.472329494325122,0.27367308718297045,0.8298026855594588,1.3040308664764562,5.311656875031278,0.15163356758893173,0.05262947351365499,0.08449235406392666,0.332630120031639,0.16410573029528694,0.04732289571796447,0.10494520223192733,0.7622785812314423,0.06179946792917785,0.009156955537023516,0.011816082276037167,0.07241546253338883,0.008185884645266536,0.001951546567863352,0.005404481431779892,0.05282827552748582,0.051793612830222185,0.0114574758787727,0.018179664731254038,0.1981978344435829,0.10744501987964664,0.19887751478040686,0.19537675955759862,1.2695644680808895
1000000,0.8,0.7853981633974483,0.067,2.05,0.20019009504752375,0.006669603248243563,0.00028253716032025904,0.0002739403498193599,13.247789784338156,55.81065955061722,16.71170620298807,0.9462048644032884,10.967532243954748,0.23991251569671154,0.7271142946321988,1.14158860813741,4.646897811764012,0.13438912055158828,0.04536505132092563,0.07369192325356659,0.2907320609545227,0.1432614266248625,0.04092779911997118,0.09115630718726518,0.6719358120644965,0.05520691756691007,0.007659974054456596,0.010209792905868315,0.06343047006949426,0.007160473745336207,0.0016706450560645973,0.004646594913099262,0.04634517550783874,0.04572359413541065,0.010351189473145743,0.016104362657051587,0.1735060383663572,0.09413520385787057,0.17397121922857475,0.1711385099462059,1.110950229423592
1000000,0.8,0.7853981633974483,0.067,2.05,0.20057028514257128,0.006669603248243563,0.0003148160188170652,0.0003054231683865287,13.243705324160828,62.11452689078421,18.681985665902022,1.0604333204256935,12.20383590677815,0.2676342377358543,0.8114411813803692,1.2749695745604976,5.192681141582269,0.14856874106568593,0.05131855040864921,0.08255589279782863,0.325126538651315,0.16036941260179402,0.04616985354085975,0.10246662588986592,0.746184096686671,0.06063227677259832,0.008882927926403241,0.011526573636822777,0.07080762248660642,0.008002171530000246,0.0019006089597680747,0.005267504374348577,0.05166985414945789,0.050711939779372564,0.011263558794319693,0.017811185557754208,0.1937805783679764,0.1050648135158912,0.19441981629819377,0.1910421754898783,1.241181312915238
1000000,0.8,0.7853981633974483,0.067,2.05,0.20007003501750875,0.006669603248243563,0.0002727081478340843,0.0002643595530685231,13.249078488948394,53.88888799071255,16.1136419617647,0.9116176339640963,10.590547614370266,0.23148699644196236,0.7014744559104326,1.1010626515858999,4.481160263977564,0.13004196753106853,0.04357724245276475,0.07100666510751187,0.2802964511241278,0.13807673218065078,0.039351572390522414,0.08774161018316319,0.649248533666841,0.05353468424532388,0.007299884639625377,0.009813698903122418,0.06118959598487893,0.006905197091803688,0.0016020326598094492,0.004460523568892963,0.04472466956966913,0.04419965451447419,0.010066299029214474,0.015580507761886095,0.16734563510148565,0.09081257056922949,0.16776178814249723,0.16508791640726903,1.0713939675537307
1000000,0.8,0.7853981633974483,0.067,2.05,0.19984992496248125,0.006669603248243563,0.00025514226994618664,0.0002472442731594356,13.25143971019864,50.45171975378117,15.04709294513269,0.8500399112373026,9.91618860260574,0.21644735153495992,0.6556982199918349,1.0287445038591798,4.185512542148178,0.12223632604448936,0.0404121390263055,0.06622438907129428,0.26169161976500416,0.12884042926533898,0.03655827618719844,0.08167410171587534,0.6086086153290889,0.05052059678390907,0.0066709013464247196,0.009111650170205458,0.05719118756564251,0.0064501620888999115,0.0014810767145545676,0.004131560282228298,0.041829650224663936,0.041469754329062435,0.009548397844560132,0.01463933476267864,0.15635219926069313,0.08488110960111496,0.15668547780287984,0.15428696613096685,1.0008215732933963
1000000,0.8,0.7853981633974483,0.067,2.05,0.20005002501250624,0.006669603248243563,0.0002710869749922614,0.00026277958778511343,13.249293220514067,53.57181335287803,16.015085780529276,0.9059218774208091,10.528344533123269,0.23009801066809082,0.6972472358721705,1.0943825075921825,4.453844899119413,0.12932357205717512,0.04328351261854987,0.07056440219043054,0.27857695311665415,0.1372227115838557,0.03909250139618176,0.08717974032657115,0.6455029425919968,0.05325790692222922,0.007241050947838002,0.009748591173461196,0.06082023740733467,0.0068631380606502534,0.0015907798606540353,0.004429970301040835,0.04445742780586404,0.043948059634392335,0.010018977845905623,0.01549391471419215,0.1663301671641681,0.09026479477239524,0.16673841535401596,0.16409041657060963,1.0648742495776848
1000000,0.8,0.7853981633974483,0.067,2.05,0.1996298149074537,0.006669603248243563,0.000238163691898336,0.00023070999591357172,13.253799113213002,47.126104233098125,14.019060399595926,0.7908142658887847,9.26358455671197,0.2019320437265845,0.6115101780642094,0.9589796845543617,3.9004395453876235,0.11464453229832594,0.037390239660893616,0.061622898302800745,0.24376522194718364,0.11994963054756728,0.0338876036578121,0.07585313612512373,0.5692090908253009,0.047574027384844654,0.006080926052453906,0.008440346357074281,0.053334189420612355,0.006011773055107293,0.0013662162012728167,0.0038180397870839484,0.039032760519379414,0.03882270793389909,0.009036594902121442,0.013723397992979258,0.14574663887411055,0.07915618412745631,0.14600572439174367,0.14386274204862257,0.9327602094720678
1000000,0.8,0.7853981633974483,0.067,2.05,0.1995897948974487,0.006669603248243563,0.0002351397572503517,0.0002277661188793127,13.254227900097534,46.533446158693266,13.836266909335864,0.7802969257144016,9.147270282322772,0.19934900255963803,0.6036462746494303,0.946568728546772,3.849740268048845,0.11328732091085662,0.036855965255939274,0.0608055677537769,0.2405784247952375,0.11837000662900267,0.033415001769679216,0.07482099945212581,0.5621794085502437,0.04704560866443312,0.0059777268624789616,0.00832155090199927,0.05264804126142701,0.005933841648392782,0.001345972907941075,0.003762667520543862,0.038534768293158154,0.03835033504859632,0.008944234106310806,0.013559607920817,0.1438599177531848,0.07813742630409727,0.14410641070929198,0.14200781915434857,0.9206543485810122
1000000,0.8,0.7853981633974483,0.067,2.05,0.1991095547773887,0.006669603248243563,0.00020036574181717728,0.00019393364744366937,13.25936864623593,39.710058965789074,11.741046331835877,0.6600477377402038,7.807818748008166,0.16969101220209923,0.5133533954260264,0.8041739826402698,3.268374431218096,0.09756113569217979,0.030800358757662093,0.051456497457449596,0.2040654323201165,0.10029115663068879,0.0280479649074795,0.06305487243628358,0.4810582674567631,0.04088322984996067,0.004832590611403251,0.006972649542451048,0.04477480116784521,0.005040829554205121,0.0011179043103770713,0.0031363461943631726,0.032811296212499265,0.032896054924789316,0.00785411001350569,0.01166118528455804,0.12221264076454906,0.06644171869311441,0.12232825076410117,0.12071494824988098,0.7818067945793273
1000000,0.8,0.7853981633974483,0.067,2.05,0.20045022511255628,0.006669603248243563,0.00030443321054904164,0.0002952932728243797,13.244995738323304,60.088026010934094,18.047205525231192,1.0235848246732706,11.806451099051884,0.25870848149291287,0.7842961815905084,1.2320184157665166,5.016879367677371,0.144023310607092,0.049389988776257436,0.0796972385012492,0.3140428858820655,0.15485304656802673,0.04447280712810495,0.09881266471706884,0.7223437426138714,0.058897760443247855,0.008482851605791538,0.011100382612238018,0.06843166728839295,0.007730867548146419,0.0018258682510887705,0.0050661569959596624,0.04995664893902433,0.04910997661042161,0.01097384332594028,0.01726439230529997,0.18725195577168827,0.10154624541991226,0.18783305373433123,0.18463453301506394,1.1992376713371449
1000000,0.8,0.7853981633974483,0.067,2.05,0.2006303151575788,0.006669603248243563,0.00032007303065446305,0.0003105532395596865,13.243059914837875,63.14015794031161,19.00374843227301,1.0791279933650977,12.404938483095064,0.27215673749223535,0.8251924320358681,1.296733472166953,5.281779681650438,0.15086477482131705,0.05229984160100411,0.0840059317060063,0.33074562369248345,0.16316723476408063,0.04703300004201085,0.1043223509894153,0.7582399177127719,0.061506857784082936,0.009087894688488423,0.011743299585453431,0.07201170894269897,0.00813974245900333,0.0019387281968067133,0.005370030000107009,0.05253744843267157,0.051522166952101434,0.011408939909486462,0.018087250067232444,0.19708865280892643,0.10684737893143954,0.19775809475524475,0.19428839843905787,1.2624370890126722
1000000,0.8,0.7853981633974483,0.067,2.05,0.20011005502751375,0.006669603248243563,0.00027596506073426677,0.00026753391037874014,13.248648980780922,54.525798352123985,16.311714707704517,0.9230680353339206,10.71549194092672,0.2342780450305318,0.7099683854261154,1.1144864949971287,4.536054465197744,0.13148401753859734,0.044168326244140244,0.07189571216459652,0.2837523798791415,0.13979341715752852,0.039872820865049834,0.08887155058513665,0.6567702721881058,0.054089893616466315,0.0074185596518352,0.009944690905341124,0.06193184217220304,0.006989732134011333,0.0016246941960816272,0.00452202212403967,0.04526158920872414,0.04470489722630922,0.010161080384890065,0.01575430890967129,0.16938622334452602,0.09191325993722373,0.1698184130816609,0.16709228356907846,1.0844959361058908
1000000,0.8,0.7853981633974483,0.067,2.05,0.1994897448724362,0.006669603248243563,0.0002276648162067575,0.00022049029861978794,13.255299604025689,45.06796826078052,13.38481459991853,0.7543396507890681,8.859639664184408,0.19296670299697372,0.5842153961582394,0.9159088088544773,3.724512160388636,0.10992555642936161,0.03554046486134935,0.058788107543763096,0.23270874868808714,0.11447036377237402,0.032250764673569216,0.07227568672907647,0.5447860163281275,0.045734492556897995,0.005725085148393877,0.008028906870373288,0.05095296270065478,0.0057413909527520525,0.0012962124634662863,0.0036264053505843797,0.03730395717366196,0.037181403924583134,0.008714307796857732,0.013153859309833487,0.13919895261610246,0.07562028008781391,0.13941513606543604,0.13742479796044282,0.8907508611480297
1000000,0.8,0.7853981633974483,0.067,2.05,0.1994897448724362,0.006669603248243563,0.0002276648162067575,0.00022049029861978794,13.255299604025689,45.06796826078052,13.38481459991853,0.7543396507890681,8.859639664184408,0.19296670299697372,0.5842153961582394,0.9159088088544773,3.724512160388636,0.10992555642936161,0.03554046486134935,0.058788107543763096,0.23270874868808714,0.11447036377237402,0.032250764673569216,0.07227568672907647,0.5447860163281275,0.045734492556897995,0.005725085148393877,0.008028906870373288,0.05095296270065478,0.0057413909527520525,0.0012962124634662863,0.0036264053505843797,0.03730395717366196,0.037181403924583134,0.008714307796857732,0.013153859309833487,0.13919895261610246,0.07562028008781391,0.13941513606543604,0.13742479796044282,0.8907508611480297
1000000,0.8,0.7853981633974483,0.067,2.05,0.20001000500250124,0.006669603248243563,0.0002678591956398177,0.00025963408077286026,13.249722638602826,52.94042585307527,15.818933003289565,0.8945891682121847,10.404476714121522,0.22733310459465542,0.6888322687106777,1.0810857384351227,4.399477451816239,0.12789204621258635,0.0426996661991554,0.06968439185063671,0.2751548733205552,0.13552330270244914,0.03857745604867277,0.08606218828537646,0.6380423458468736,0.052706009556163766,0.007124385172144408,0.009619150149097413,0.06008504584447803,0.006779436338672536,0.0015684294833721909,0.004369254431188715,0.04392537992913947,0.043446922920093486,0.009924476202996049,0.015321345235322817,0.16430887845448913,0.0891743784394695,0.16470154219745886,0.16210478042555365,1.0518973058416958
1000000,0.8,0.7853981633974483,0.067,2.05,0.19964982491245623,0.006669603248243563,0.00023968293672044726,0.00023218912605490897,13.253584697208757,47.42381848996903,14.110931905474974,0.7961018091784898,9.322011987109553,0.20323002731239512,0.6154617614568413,0.9652166897355351,3.925919629550845,0.11532581202961087,0.03765911559643225,0.06203378525442819,0.24536697504659383,0.12074368720678375,0.03412539221438216,0.07637221713541878,0.572739407147395,0.04783908498181146,0.006132989353275555,0.008500118135822635,0.053679005359214126,0.00605094304500504,0.0013764110585000487,0.0038459128434236863,0.039282971531565236,0.03905992265914443,0.00908285734457398,0.01380561119676138,0.14669478979782424,0.07966811489294655,0.14696027340131187,0.14479485986921325,0.9388441297054169
1000000,0.8,0.7853981633974483,0.067,2.05,0.2010505252626313,0.006669603248243563,0.00035809721293863584,0.0003476809678174897,13.238538277763576,70.55032880302257,21.338113043668628,1.2150818321626249,13.857554067960109,0.30493368693517364,0.9247960506988376,1.454480764953905,5.927919964979546,0.1673699865913646,0.05949202017393651,0.09454571442044932,0.3715298141012905,0.1834978744481406,0.053353242442653756,0.11785573531049102,0.8451479707718056,0.06776508939282938,0.010617879441408087,0.013329236464778878,0.08074290673172688,0.009138913100891348,0.0022199292299566005,0.006122986994205394,0.05881601391984002,0.057366548106495066,0.012435671997603311,0.020068715897242035,0.2210646125404695,0.11976120462084375,0.22196755559605105,0.2178053573231889,1.416547953816803
1000000,0.8,0.7853981633974483,0.067,2.05,0.19988994497248624,0.006669603248243563,0.00025829237546351447,0.00025031290221745795,13.251010532434321,51.06836748920372,15.238139857149992,0.8610602578546283,10.037182583843721,0.21914274535392286,0.6639029122250919,1.0417030537143845,4.23847864382317,0.12363967842440991,0.04097687668907991,0.06708040230576391,0.2650237260547707,0.13049396981961123,0.0370569521020802,0.08275884656456431,0.615905656687517,0.051063614434145754,0.006782314472110194,0.009236992264502211,0.05790762676613191,0.006531652766342962,0.0015026098610080784,0.0041902127222868644,0.042348714860227676,0.04195993914782007,0.00964212246430658,0.014808592257702301,0.15832211447156555,0.08594417536510715,0.15866980195682034,0.1562227229434709,1.0134658297703987
1000000,0.8,0.7853981633974483,0.067,2.05,0.19964982491245623,0.006669603248243563,0.00023968293672044726,0.00023218912605490897,13.253584697208757,47.42381848996903,14.110931905474974,0.7961018091784898,9.322011987109553,0.20323002731239512,0.6154617614568413,0.9652166897355351,3.925919629550845,0.11532581202961087,0.03765911559643225,0.06203378525442819,0.24536697504659383,0.12074368720678375,0.03412539221438216,0.07637221713541878,0.572739407147395,0.04783908498181146,0.006132989353275555,0.008500118135822635,0.053679005359214126,0.00605094304500504,0.0013764110585000487,0.0038459128434236863,0.039282971531565236,0.03905992265914443,0.00908285734457398,0.01380561119676138,0.14669478979782424,0.07966811489294655,0.14696027340131187,0.14479485986921325,0.9388441297054169
1000000,0.8,0.7853981633974483,0.067,2.05,0.20053026513256628,0.006669603248243563,0.00031133564453801583,0.00030202724493566665,13.244135522147358,61.435357341505146,18.46909773486731,1.0480704764670477,12.070659935811417,0.26464133683368796,0.8023399066585094,1.2605671420252398,5.133725940161658,0.14704668187646447,0.05067067119543762,0.08159687886044234,0.32140911852588755,0.15851889464763855,0.0455998522995751,0.10124013967863414,0.7381970822979412,0.060051933107508504,0.008748117234067187,0.011383437139215963,0.07001086934645946,0.007911169213863646,0.001875474508791108,0.005199841718355871,0.05109552955673991,0.05017521302708246,0.011166829933275148,0.01762812857492222,0.19159141071695504,0.10388506268365748,0.1922109350250905,0.18889373627431102,1.2271160171204205
1000000,0.8,0.7853981633974483,0.067,2.05,0.20007003501750875,0.006669603248243563,0.0002727081478340843,0.0002643595530685231,13.249078488948394,53.88888799071255,16.1136419617647,0.9116176339640963,10.590547614370266,0.23148699644196236,0.7014744559104326,1.1010626515858999,4.481160263977564,0.13004196753106853,0.04357724245276475,0.07100666510751187,0.2802964511241278,0.13807673218065078,0.039351572390522414,0.08774161018316319,0.649248533666841,0.05353468424532388,0.007299884639625377,0.009813698903122418,0.06118959598487893,0.006905197091803688,0.0016020326598094492,0.004460523568892963,0.04472466956966913,0.04419965451447419,0.010066299029214474,0.015580507761886095,0.16734563510148565,0.09081257056922949,0.16776178814249723,0.16508791640726903,1.0713939675537307
1000000,0.8,0.7853981633974483,0.067,2.05,0.20025012506253126,0.006669603248243563,0.0002875172300932702,0.0002787957086809511,13.247145229452842,56.78396151145006,17.015070104998287,0.9637645422573449,11.15844403080395,0.24418426968446438,0.7401121242625042,1.1621380458444948,4.730954587189422,0.13658628879184745,0.04627540169851473,0.07505497002087919,0.29602627167135565,0.1458928159049129,0.0417300165272287,0.09289172332221726,0.6834165888758059,0.05605045045549203,0.007844629468447214,0.010411360980511233,0.06456683155520081,0.0072899966302325415,0.0017056620811198165,0.004741411801088322,0.04716639676752419,0.046494801763250326,0.010494238761199367,0.01636903813704007,0.17662974094942693,0.09581967219749486,0.1771204791776133,0.17420601004022404,1.13101026471612
1000000,0.8,0.7853981633974483,0.067,2.05,0.20003001500750375,0.006669603248243563,0.0002694706576527085,0.0002612044305658637,13.249507937065973,53.25565926100265,15.916849514255228,0.9002457277942982,10.46632088775308,0.22871338082051482,0.6930331745744829,1.0877235389830586,4.426617307675823,0.12860693121160818,0.04299098792503442,0.07012364482002391,0.2768630949497394,0.13637156918843077,0.038834463270637824,0.0866199338942929,0.6417675447168283,0.05298168185223704,0.00718255152594885,0.009683741729209773,0.06045205425585322,0.006821217852108047,0.001579578849526978,0.004399547345267709,0.04419099795641435,0.043697149095558836,0.0099717034541455,0.015407527101056718,0.16531791529581072,0.08971873089665305,0.1657183338354143,0.16309603817446477,1.0583753650344017
1000000,0.8,0.7853981633974483,0.067,2.05,0.19964982491245623,0.006669603248243563,0.00023968293672044726,0.00023218912605490897,13.253584697208757,47.42381848996903,14.110931905474974,0.7961018091784898,9.322011987109553,0.20323002731239512,0.6154617614568413,0.9652166897355351,3.925919629550845,0.11532581202961087,0.03765911559643225,0.06203378525442819,0.24536697504659383,0.12074368720678375,0.03412539221438216,0.07637221713541878,0.572739407147395,0.04783908498181146,0.006132989353275555,0.008500118135822635,0.053679005359214126,0.00605094304500504,0.0013764110585000487,0.0038459128434236863,0.039282971531565236,0.03905992265914443,0.00908285734457398,0.01380561119676138,0.14669478979782424,0.07966811489294655,0.14696027340131187,0.14479485986921325,0.9388441297054169
1000000,0.8,0.7853981633974483,0.067,2.05,0.20053026513256628,0.006669603248243563,0.00031133564453801583,0.00030202724493566665,13.244135522147358,61.435357341505146,18.46909773486731,1.0480704764670477,12.070659935811417,0.26464133683368796,0.8023399066585094,1.2605671420252398,5.133725940161658,0.14704668187646447,0.05067067119543762,0.08159687886044234,0.32140911852588755,0.15851889464763855,0.0455998522995751,0.10124013967863414,0.7381970822979412,0.060051933107508504,0.008748117234067187,0.011383437139215963,0.07001086934645946,0.007911169213863646,0.001875474508791108,0.005199841718355871,0.05109552955673991,0.05017521302708246,0.011166829933275148,0.01762812857492222,0.19159141071695504,0.10388506268365748,0.1922109350250905,0.18889373627431102,1.2271160171204205
