n,lambda,phi,eps,gamma,theta_rough,offset,mpn,traj_mpn,detected_mpn,1,11,101,111,1101,1011,1001,1111,11001,10011,10001,11011,11101,10111,11111,110001,100011,100001,110011,110101,101011,110111,111011,111001,100111,111101,101111,111111
50000,0.8,0.7853981633974483,0.125,2.5,0.2,0.07,0.029343364547842796,0.03046,0.02648000000000005,384,132,4,79,10,10,0,45,2,2,0,1,1,1,2,2,1,0,0,0,0,1,1,1,0,3,1,19
50000,0.8,0.7853981633974483,0.125,2.5,0.2,0.07,0.029343364547842796,0.02908,0.025840000000000057,402,128,5,70,18,9,0,50,1,1,1,1,3,3,3,1,0,2,1,0,0,3,2,2,0,2,2,3
50000,0.8,0.7853981633974483,0.125,2.5,0.2,0.07,0.029343364547842796,0.02904,0.02534000000000001,371,118,3,63,17,8,2,53,0,2,1,1,1,2,5,1,1,0,0,0,0,5,1,0,2,3,0,11
50000,0.8,0.7853981633974483,0.125,2.5,0.2,0.07,0.029343364547842796,0.02772,0.025020000000000025,372,127,7,80,9,7,1,29,0,4,3,2,2,1,3,1,1,3,1,0,0,2,5,1,0,1,4,12
50000,0.8,0.7853981633974483,0.125,2.5,0.2,0.07,0.029343364547842796,0.03042,0.02594000000000004,390,121,1,78,15,9,0,41,2,1,0,1,0,2,5,3,0,0,0,0,1,5,0,2,0,5,2,11
50000,0.8,0.7853981633974483,0.125,2.5,0.2,0.07,0.029343364547842796,0.02926,0.025200000000000052,390,142,2,69,12,7,1,36,3,2,2,1,1,2,2,1,0,1,0,0,0,2,5,3,1,1,0,11
50000,0.8,0.7853981633974483,0.125,2.5,0.2,0.07,0.029343364547842796,0.02842,0.024440000000000045,377,128,4,84,13,5,2,33,2,2,2,0,0,3,4,1,1,0,0,0,0,2,5,1,0,1,1,6
50000,0.8,0.7853981633974483,0.125,2.5,0.2,0.07,0.029343364547842796,0.02946,0.02462000000000002,401,108,4,79,9,7,3,36,6,1,1,0,0,1,3,0,4,2,0,0,0,5,7,1,1,1,2,5
50000,0.8,0.7853981633974483,0.125,2.5,0.2,0.07,0.029343364547842796,0.02718,0.02400000000000003,383,112,8,77,7,8,1,34,5,3,1,1,0,2,5,3,1,1,0,0,0,1,2,2,1,1,0,9
50000,0.8,0.7853981633974483,0.125,2.5,0.2,0.07,0.029343364547842796,0.03182,0.028340000000000063,376,128,10,78,33,8,1,39,3,4,1,1,3,2,3,2,1,1,1,0,0,3,2,2,1,7,1,16
50000,0.8,0.7853981633974483,0.125,2.5,0.2,0.07,0.029343364547842796,0.02962,0.026460000000000043,373,124,10,74,18,8,0,55,0,3,3,1,1,4,5,1,0,2,0,0,0,4,1,2,0,2,0,8
50000,0.8,0.7853981633974483,0.125,2.5,0.2,0.07,0.029343364547842796,0.02854,0.025240000000000023,385,116,5,77,11,9,2,34,2,3,1,0,2,3,1,2,1,1,0,0,0,4,3,2,1,4,0,14
50000,0.8,0.7853981633974483,0.125,2.5,0.2,0.07,0.029343364547842796,0.02994,0.026240000000000038,425,115,5,76,11,14,0,45,4,2,1,1,0,2,3,3,1,0,0,0,0,1,3,1,0,3,0,11
50000,0.8,0.7853981633974483,0.125,2.5,0.2,0.07,0.029343364547842796,0.02992,0.025440000000000042,364,134,4,73,10,13,0,39,1,5,1,1,0,6,2,1,3,1,0,0,0,5,3,1,0,0,0,12
50000,0.8,0.7853981633974483,0.125,2.5,0.2,0.07,0.029343364547842796,0.02862,0.02490000000000004,347,129,10,84,16,9,2,35,2,3,0,0,2,1,3,0,0,1,0,1,0,1,2,1,2,3,1,9
50000,0.8,0.7853981633974483,0.125,2.5,0.2,0.07,0.029343364547842796,0.02948,0.026480000000000083,396,141,8,81,17,10,1,44,1,0,1,0,2,1,6,1,1,0,0,0,0,0,3,0,0,5,1,5
50000,0.8,0.7853981633974483,0.125,2.5,0.2,0.07,0.029343364547842796,0.02994,0.025320000000000023,386,92,3,89,17,13,0,45,3,2,2,0,1,1,5,1,1,0,0,0,0,2,2,1,0,1,0,11
50000,0.8,0.7853981633974483,0.125,2.5,0.2,0.07,0.029343364547842796,0.02828,0.025560000000000024,375,122,8,71,14,9,1,33,3,0,0,0,3,3,2,2,0,1,0,1,0,4,2,2,1,5,3,15
50000,0.8,0.7853981633974483,0.125,2.5,0.2,0.07,0.029343364547842796,0.02766,0.02594000000000004,387,125,6,73,16,10,1,36,3,1,1,0,0,4,5,1,1,1,1,1,0,1,6,2,1,3,0,12
50000,0.8,0.7853981633974483,0.125,2.5,0.2,0.07,0.029343364547842796,0.03046,0.025660000000000065,414,136,8,75,17,10,1,33,0,2,2,0,2,1,3,1,2,0,0,2,0,3,1,1,0,3,0,8
50000,0.8,0.7853981633974483,0.125,2.5,0.2,0.07,0.029343364547842796,0.03092,0.02558000000000005,388,126,7,70,14,8,1,39,3,3,2,1,1,4,2,3,1,1,0,0,0,2,3,3,3,4,2,7
50000,0.8,0.7853981633974483,0.125,2.5,0.2,0.07,0.029343364547842796,0.02732,0.02522000000000002,403,110,2,67,18,14,1,35,7,3,2,0,1,1,1,2,2,0,0,0,0,3,3,0,0,2,0,16
50000,0.8,0.7853981633974483,0.125,2.5,0.2,0.07,0.029343364547842796,0.0286,0.02424000000000004,394,115,8,64,19,9,1,36,2,2,1,3,0,3,6,2,3,0,0,0,0,0,0,1,0,2,1,8
50000,0.8,0.7853981633974483,0.125,2.5,0.2,0.07,0.029343364547842796,0.02946,0.02534000000000004,406,103,10,90,10,13,0,38,4,3,3,0,0,2,4,1,0,1,0,0,0,1,1,0,1,2,0,10
50000,0.8,0.7853981633974483,0.125,2.5,0.2,0.07,0.029343364547842796,0.03036,0.027020000000000065,408,127,10,85,18,9,3,49,2,1,1,0,2,2,6,0,0,2,0,0,0,3,3,0,0,2,0,5
50000,0.8,0.7853981633974483,0.125,2.5,0.2,0.07,0.029343364547842796,0.03032,0.025920000000000023,414,98,10,74,17,11,0,43,4,1,1,1,5,6,2,0,2,0,0,0,0,0,3,1,0,0,2,13
50000,0.8,0.7853981633974483,0.125,2.5,0.2,0.07,0.029343364547842796,0.0279,0.024800000000000013,404,116,8,58,11,11,2,39,5,2,0,0,2,4,2,0,0,2,0,0,0,5,1,1,1,2,3,11
50000,0.8,0.7853981633974483,0.125,2.5,0.2,0.07,0.029343364547842796,0.03322,0.027200000000000054,377,135,6,82,16,8,1,40,3,2,1,1,2,0,10,1,0,1,0,0,0,2,1,3,1,7,1,11
50000,0.8,0.7853981633974483,0.125,2.5,0.2,0.07,0.029343364547842796,0.02954,0.026080000000000013,387,106,5,71,15,17,4,38,4,2,0,0,3,2,7,1,0,2,0,0,0,0,1,1,1,10,1,13
50000,0.8,0.7853981633974483,0.125,2.5,0.2,0.07,0.029343364547842796,0.03126,0.02706000000000006,385,133,5,81,21,8,2,43,1,6,1,0,1,2,1,0,2,2,0,1,0,3,4,0,0,4,1,12
50000,0.8,0.7853981633974483,0.125,2.5,0.2,0.07,0.029343364547842796,0.02802,0.02466000000000003,413,125,7,60,10,8,1,41,2,2,2,1,2,3,1,0,1,0,0,0,0,2,1,4,0,5,2,7
50000,0.8,0.7853981633974483,0.125,2.5,0.2,0.07,0.029343364547842796,0.03006,0.024720000000000034,377,130,8,73,14,2,1,24,5,5,1,0,2,4,7,2,0,3,1,1,0,3,0,0,0,3,1,12
50000,0.8,0.7853981633974483,0.125,2.5,0.2,0.07,0.029343364547842796,0.02896,0.025740000000000058,389,136,2,83,11,11,0,35,0,1,0,0,0,0,3,2,2,1,0,0,0,4,2,1,1,5,0,12
50000,0.8,0.7853981633974483,0.125,2.5,0.2,0.07,0.029343364547842796,0.02998,0.026580000000000017,356,119,4,79,25,6,1,40,6,1,1,0,1,2,4,0,0,1,0,0,0,2,7,2,1,4,1,16
50000,0.8,0.7853981633974483,0.125,2.5,0.2,0.07,0.029343364547842796,0.02858,0.02540000000000002,401,124,8,61,11,11,3,41,0,2,0,1,2,2,7,0,1,4,0,0,0,6,4,0,0,1,1,9
50000,0.8,0.7853981633974483,0.125,2.5,0.2,0.07,0.029343364547842796,0.02984,0.026180000000000037,429,110,9,81,18,6,1,36,7,1,0,2,2,2,2,1,2,1,0,0,0,2,4,3,0,2,0,10
50000,0.8,0.7853981633974483,0.125,2.5,0.2,0.07,0.029343364547842796,0.03118,0.026520000000000026,395,114,5,75,11,10,0,41,2,4,2,1,2,2,3,2,2,1,1,1,0,6,4,1,1,2,2,14
50000,0.8,0.7853981633974483,0.125,2.5,0.2,0.07,0.029343364547842796,0.02666,0.023480000000000036,402,118,9,59,19,6,0,35,0,4,0,1,1,2,3,2,0,0,0,1,0,0,3,0,0,2,0,8
50000,0.8,0.7853981633974483,0.125,2.5,0.2,0.07,0.029343364547842796,0.02856,0.02580000000000003,406,115,7,67,18,12,0,42,2,2,0,0,1,1,6,3,0,0,0,1,0,1,1,2,0,2,0,15
50000,0.8,0.7853981633974483,0.125,2.5,0.2,0.07,0.029343364547842796,0.0287,0.02576000000000004,371,134,7,75,10,10,0,35,5,1,1,0,4,2,6,0,1,0,1,1,0,0,4,1,0,0,1,16
50000,0.8,0.7853981633974483,0.125,2.5,0.2,0.07,0.029343364547842796,0.03018,0.02678000000000003,393,121,8,69,9,16,3,34,5,2,4,3,4,1,6,1,4,1,0,0,0,3,4,2,1,4,1,14
50000,0.8,0.7853981633974483,0.125,2.5,0.2,0.07,0.029343364547842796,0.02912,0.025180000000000053,389,133,6,65,17,6,0,41,2,3,1,0,1,3,5,3,1,2,0,0,0,4,2,1,0,4,0,6
50000,0.8,0.7853981633974483,0.125,2.5,0.2,0.07,0.029343364547842796,0.02966,0.025700000000000042,392,112,4,86,12,8,0,45,1,1,0,1,2,6,4,0,0,2,0,0,0,2,4,3,1,2,1,6
50000,0.8,0.7853981633974483,0.125,2.5,0.2,0.07,0.029343364547842796,0.03034,0.026600000000000044,389,122,7,76,15,12,2,42,4,3,0,0,0,1,7,0,0,1,0,0,0,4,1,1,0,5,4,11
50000,0.8,0.7853981633974483,0.125,2.5,0.2,0.07,0.029343364547842796,0.02968,0.02526000000000005,407,134,6,67,11,10,1,40,1,4,0,0,1,3,3,0,1,0,0,0,0,1,3,3,0,3,0,9
50000,0.8,0.7853981633974483,0.125,2.5,0.2,0.07,0.029343364547842796,0.02828,0.024780000000000035,405,122,10,69,17,7,2,35,1,2,1,2,1,1,6,0,0,2,0,0,0,3,0,2,1,0,1,9
50000,0.8,0.7853981633974483,0.125,2.5,0.2,0.07,0.029343364547842796,0.0283,0.02422,359,106,7,74,17,7,1,31,4,3,1,3,0,0,5,0,1,1,0,0,0,1,5,3,0,0,3,14
50000,0.8,0.7853981633974483,0.125,2.5,0.2,0.07,0.029343364547842796,0.02842,0.024560000000000023,405,107,8,72,7,11,0,43,3,2,1,0,1,3,2,4,0,2,0,0,0,3,1,1,0,3,1,8
50000,0.8,0.7853981633974483,0.125,2.5,0.2,0.07,0.029343364547842796,0.02796,0.024240000000000043,392,119,7,66,17,9,0,36,5,1,0,1,1,2,4,1,0,1,0,0,0,3,3,2,0,3,0,6
50000,0.8,0.7853981633974483,0.125,2.5,0.2,0.07,0.029343364547842796,0.02822,0.025820000000000058,398,135,9,68,16,11,1,31,4,2,0,1,3,2,4,1,2,2,0,2,0,0,2,1,0,4,1,12
50000,0.8,0.7853981633974483,0.125,2.5,0.2,0.07,0.029343364547842796,0.02878,0.024360000000000024,392,128,3,71,16,6,1,31,0,1,3,0,0,3,3,0,0,4,0,0,0,0,4,0,2,3,0,12
50000,0.8,0.7853981633974483,0.125,2.5,0.2,0.07,0.029343364547842796,0.02908,0.02632000000000003,376,122,2,76,14,10,1,46,2,1,1,2,1,3,6,2,2,1,0,0,0,4,2,2,1,3,2,10
50000,0.8,0.7853981633974483,0.125,2.5,0.2,0.07,0.029343364547842796,0.02944,0.02504000000000001,389,91,4,87,7,9,0,44,3,3,0,1,1,0,2,3,0,0,0,0,0,2,5,4,0,3,1,12
50000,0.8,0.7853981633974483,0.125,2.5,0.2,0.07,0.029343364547842796,0.03014,0.02690000000000005,395,125,9,84,13,8,1,37,1,5,1,1,0,3,9,2,0,1,0,0,0,3,1,1,0,4,0,14
50000,0.8,0.7853981633974483,0.125,2.5,0.2,0.07,0.029343364547842796,0.02998,0.026960000000000053,395,123,5,91,13,6,1,43,1,2,1,0,1,2,9,2,1,0,0,0,0,4,5,1,2,1,0,9
50000,0.8,0.7853981633974483,0.125,2.5,0.2,0.07,0.029343364547842796,0.02908,0.02592000000000003,369,121,2,81,20,7,0,40,2,2,0,2,2,1,7,1,0,0,1,0,0,2,0,2,0,2,1,15
50000,0.8,0.7853981633974483,0.125,2.5,0.2,0.07,0.029343364547842796,0.03054,0.026880000000000053,390,129,3,91,13,7,2,36,0,4,0,0,4,3,5,0,2,3,0,0,0,2,1,0,2,5,0,14
50000,0.8,0.7853981633974483,0.125,2.5,0.2,0.07,0.029343364547842796,0.02972,0.025620000000000028,413,108,3,82,17,12,1,35,1,1,1,0,3,3,1,1,3,2,0,1,0,3,2,1,0,3,2,10
50000,0.8,0.7853981633974483,0.125,2.5,0.2,0.07,0.029343364547842796,0.02824,0.024360000000000007,383,106,3,79,9,10,2,34,1,2,1,1,1,0,5,3,2,1,0,0,0,1,2,1,1,1,2,14
50000,0.8,0.7853981633974483,0.125,2.5,0.2,0.07,0.029343364547842796,0.0295,0.025360000000000025,397,113,10,72,8,11,1,42,3,3,1,2,1,1,3,1,1,2,0,0,0,2,3,0,1,2,2,12
50000,0.8,0.7853981633974483,0.125,2.5,0.2,0.07,0.029343364547842796,0.02974,0.026580000000000048,379,130,11,77,14,6,1,47,1,2,1,1,2,2,4,1,3,0,0,0,0,2,0,0,1,3,1,15
50000,0.8,0.7853981633974483,0.125,2.5,0.2,0.07,0.029343364547842796,0.02974,0.02656000000000006,413,139,7,85,14,6,3,34,2,0,1,1,3,1,3,1,0,4,0,0,0,3,5,5,0,0,2,7
50000,0.8,0.7853981633974483,0.125,2.5,0.2,0.07,0.029343364547842796,0.02874,0.025940000000000057,376,140,7,78,15,6,2,43,2,0,2,0,1,1,1,1,3,0,0,0,0,4,6,0,0,3,0,9
50000,0.8,0.7853981633974483,0.125,2.5,0.2,0.07,0.029343364547842796,0.02886,0.02544000000000003,401,120,8,61,16,13,3,47,1,3,2,0,0,2,2,1,2,4,1,0,0,2,0,4,1,0,0,11
50000,0.8,0.7853981633974483,0.125,2.5,0.2,0.07,0.029343364547842796,0.02848,0.024660000000000036,395,134,5,63,12,2,3,45,1,3,1,0,3,2,3,2,0,2,0,0,0,1,1,3,0,3,1,7
50000,0.8,0.7853981633974483,0.125,2.5,0.2,0.07,0.029343364547842796,0.02918,0.026120000000000032,401,127,5,77,11,7,2,33,4,1,0,1,3,2,3,1,2,2,0,0,0,1,2,1,0,4,0,19
50000,0.8,0.7853981633974483,0.125,2.5,0.2,0.07,0.029343364547842796,0.0294,0.02488000000000002,373,101,4,88,14,12,1,39,1,2,1,0,0,3,8,0,2,1,0,0,0,3,1,2,0,4,0,7
50000,0.8,0.7853981633974483,0.125,2.5,0.2,0.07,0.029343364547842796,0.02888,0.024700000000000017,362,132,3,60,13,11,0,38,1,0,1,1,0,3,4,2,1,0,0,1,0,4,3,1,0,6,2,11
50000,0.8,0.7853981633974483,0.125,2.5,0.2,0.07,0.029343364547842796,0.02954,0.02474000000000004,375,127,8,74,19,8,2,33,2,1,1,1,1,1,2,0,2,3,0,0,0,2,3,1,1,3,0,10
50000,0.8,0.7853981633974483,0.125,2.5,0.2,0.07,0.029343364547842796,0.02892,0.026160000000000037,375,123,6,88,9,5,0,43,2,1,2,0,2,2,3,2,3,1,0,2,0,1,2,1,0,5,0,14
50000,0.8,0.7853981633974483,0.125,2.5,0.2,0.07,0.029343364547842796,0.02754,0.023600000000000027,380,107,6,70,20,5,1,33,7,0,0,0,2,0,7,1,2,1,0,0,0,3,2,4,0,2,1,4
50000,0.8,0.7853981633974483,0.125,2.5,0.2,0.07,0.029343364547842796,0.03034,0.025360000000000032,399,120,5,77,10,6,1,44,5,0,1,1,2,3,5,0,0,1,0,1,0,1,1,1,0,2,0,11
50000,0.8,0.7853981633974483,0.125,2.5,0.2,0.07,0.029343364547842796,0.02766,0.024620000000000027,409,113,7,72,12,7,0,38,1,2,0,0,2,5,4,0,3,1,0,0,0,2,4,0,0,1,0,9
50000,0.8,0.7853981633974483,0.125,2.5,0.2,0.07,0.029343364547842796,0.02992,0.025680000000000036,386,122,3,73,14,4,0,50,1,4,0,1,1,2,3,2,1,0,0,0,0,2,2,1,0,4,2,11
50000,0.8,0.7853981633974483,0.125,2.5,0.2,0.07,0.029343364547842796,0.02776,0.025160000000000054,407,135,4,65,14,9,0,30,5,3,1,1,1,2,4,3,4,0,0,1,0,1,0,4,0,1,2,11
50000,0.8,0.7853981633974483,0.125,2.5,0.2,0.07,0.029343364547842796,0.02832,0.02522000000000003,385,119,5,74,8,15,0,36,0,3,0,0,4,2,6,0,0,1,0,0,0,7,2,3,0,1,0,11
50000,0.8,0.7853981633974483,0.125,2.5,0.2,0.07,0.029343364547842796,0.02808,0.02440000000000002,368,115,8,70,14,6,1,40,4,1,0,0,1,0,3,2,3,0,0,0,0,0,4,2,0,3,2,12
50000,0.8,0.7853981633974483,0.125,2.5,0.2,0.07,0.029343364547842796,0.0298,0.025840000000000054,396,126,4,74,25,7,2,36,1,1,0,3,2,7,4,1,0,0,0,0,0,2,0,2,0,3,0,10
50000,0.8,0.7853981633974483,0.125,2.5,0.2,0.07,0.029343364547842796,0.02684,0.023580000000000007,407,98,9,59,16,11,1,34,4,2,2,1,1,6,2,1,2,0,1,0,0,3,1,0,0,1,0,10
50000,0.8,0.7853981633974483,0.125,2.5,0.2,0.07,0.029343364547842796,0.02756,0.023699999999999992,377,113,2,67,10,10,1,35,1,0,1,0,0,1,3,1,1,3,0,1,0,3,4,0,0,1,1,15
50000,0.8,0.7853981633974483,0.125,2.5,0.2,0.07,0.029343364547842796,0.028,0.02454000000000003,367,124,3,67,23,6,1,37,6,2,0,0,1,1,3,1,2,2,0,1,0,4,4,0,0,2,0,9
50000,0.8,0.7853981633974483,0.125,2.5,0.2,0.07,0.029343364547842796,0.03064,0.02682000000000005,404,120,3,76,15,13,2,48,3,3,1,1,2,5,5,1,2,0,0,0,0,4,1,3,0,0,0,10
50000,0.8,0.7853981633974483,0.125,2.5,0.2,0.07,0.029343364547842796,0.0303,0.025860000000000025,368,116,5,88,17,10,1,26,2,1,0,3,1,2,4,1,3,1,0,0,0,4,6,0,0,4,1,15
50000,0.8,0.7853981633974483,0.125,2.5,0.2,0.07,0.029343364547842796,0.02782,0.023680000000000017,382,108,5,73,11,13,0,30,1,2,2,1,4,2,4,0,0,4,1,2,0,1,2,2,0,5,0,6
50000,0.8,0.7853981633974483,0.125,2.5,0.2,0.07,0.029343364547842796,0.0284,0.02524000000000004,406,122,4,78,10,9,1,39,4,0,1,1,2,2,4,1,3,0,0,0,1,0,2,1,0,1,0,11
50000,0.8,0.7853981633974483,0.125,2.5,0.2,0.07,0.029343364547842796,0.02984,0.02552000000000006,383,137,3,68,18,12,0,39,3,3,0,0,0,1,3,2,2,2,0,2,0,3,3,1,1,1,1,9
50000,0.8,0.7853981633974483,0.125,2.5,0.2,0.07,0.029343364547842796,0.0303,0.026280000000000036,386,118,3,73,11,14,0,55,4,3,4,1,4,2,4,0,0,3,1,0,1,0,3,1,0,2,2,7
50000,0.8,0.7853981633974483,0.125,2.5,0.2,0.07,0.029343364547842796,0.0286,0.025200000000000056,368,132,13,76,11,10,0,39,1,2,0,1,2,2,3,2,1,0,0,0,0,3,0,2,0,3,2,9
50000,0.8,0.7853981633974483,0.125,2.5,0.2,0.07,0.029343364547842796,0.02746,0.02506000000000003,373,130,3,79,11,8,2,39,0,2,1,0,1,2,1,2,0,2,0,0,0,3,3,1,1,2,1,12
50000,0.8,0.7853981633974483,0.125,2.5,0.2,0.07,0.029343364547842796,0.03312,0.027720000000000022,376,128,7,70,11,8,0,54,2,4,1,1,2,4,6,0,0,1,0,0,0,4,1,3,0,3,1,20
50000,0.8,0.7853981633974483,0.125,2.5,0.2,0.07,0.029343364547842796,0.02842,0.02526000000000006,395,132,8,69,15,11,1,38,3,2,1,3,0,1,1,0,2,0,0,1,0,6,1,2,1,0,0,9
50000,0.8,0.7853981633974483,0.125,2.5,0.2,0.07,0.029343364547842796,0.03094,0.02588000000000005,408,132,9,69,15,8,1,43,3,2,0,0,1,2,2,2,0,3,0,0,0,3,0,0,2,2,0,12
50000,0.8,0.7853981633974483,0.125,2.5,0.2,0.07,0.029343364547842796,0.02986,0.025920000000000012,357,126,11,67,17,8,2,39,3,0,2,2,1,2,4,1,2,4,0,0,0,5,3,4,1,2,1,14
50000,0.8,0.7853981633974483,0.125,2.5,0.2,0.07,0.029343364547842796,0.03072,0.025940000000000032,371,124,5,85,17,2,1,42,1,2,0,1,4,0,7,1,0,1,0,0,0,1,2,1,0,3,1,13
50000,0.8,0.7853981633974483,0.125,2.5,0.2,0.07,0.029343364547842796,0.03122,0.026860000000000044,374,128,4,69,19,10,1,42,3,3,0,3,3,2,4,2,3,0,1,0,0,5,7,3,1,2,0,11
50000,0.8,0.7853981633974483,0.125,2.5,0.2,0.07,0.029343364547842796,0.0292,0.02478000000000003,375,127,7,69,19,6,2,37,1,3,0,1,1,2,4,1,0,1,1,1,0,0,1,0,0,0,0,16
50000,0.8,0.7853981633974483,0.125,2.5,0.2,0.07,0.029343364547842796,0.02842,0.025920000000000037,377,113,5,97,13,6,1,38,1,2,1,0,0,3,3,1,1,1,0,1,0,2,4,3,2,1,2,11
50000,0.8,0.7853981633974483,0.125,2.5,0.2,0.07,0.029343364547842796,0.02996,0.02534000000000005,381,122,6,77,15,10,1,41,3,2,0,2,1,2,4,2,3,1,0,0,0,1,4,2,0,1,0,8
50000,0.8,0.7853981633974483,0.125,2.5,0.2,0.07,0.029343364547842796,0.02942,0.02428000000000004,392,127,8,61,15,11,1,37,4,2,1,2,0,2,1,0,0,1,0,0,0,1,0,0,0,3,0,13
50000,0.8,0.7853981633974483,0.125,2.5,0.2,0.07,0.029343364547842796,0.02868,0.025560000000000038,407,127,10,63,11,11,2,36,3,2,0,2,1,6,5,0,2,1,0,0,0,1,5,1,0,2,0,11
50000,0.8,0.7853981633974483,0.125,2.5,0.2,0.07,0.029343364547842796,0.02958,0.026080000000000044,381,138,3,83,8,6,1,34,2,1,0,1,1,2,5,2,2,2,0,0,1,3,5,1,0,4,0,13
50000,0.8,0.7853981633974483,0.125,2.5,0.2,0.07,0.029343364547842796,0.02838,0.025760000000000033,392,111,7,82,17,9,1,39,2,1,0,0,2,4,3,1,2,5,0,0,0,3,1,1,0,2,1,12
50000,0.8,0.7853981633974483,0.125,2.5,0.2,0.07,0.029343364547842796,0.02994,0.025900000000000048,412,119,9,89,12,9,1,28,4,5,0,1,0,2,1,0,1,2,0,0,0,2,3,0,1,4,1,13
50000,0.8,0.7853981633974483,0.125,2.5,0.2,0.07,0.029343364547842796,0.02896,0.024920000000000025,365,125,6,70,15,14,1,37,1,3,3,2,1,0,6,0,1,1,0,1,0,1,3,1,0,3,2,9
50000,0.8,0.7853981633974483,0.125,2.5,0.2,0.07,0.029343364547842796,0.02752,0.024680000000000025,369,114,1,76,18,8,0,38,4,1,0,4,1,0,2,2,2,2,0,0,0,1,1,5,0,4,0,11
50000,0.8,0.7853981633974483,0.125,2.5,0.2,0.07,0.029343364547842796,0.03048,0.026760000000000023,409,111,2,80,23,7,0,43,1,1,4,0,0,4,5,1,2,1,1,0,0,5,3,2,0,1,0,13
50000,0.8,0.7853981633974483,0.125,2.5,0.2,0.07,0.029343364547842796,0.02998,0.025820000000000023,379,108,5,73,25,9,2,35,3,2,0,0,3,8,3,1,3,2,0,0,1,2,3,0,2,1,1,14
50000,0.8,0.7853981633974483,0.125,2.5,0.2,0.07,0.029343364547842796,0.03144,0.02562000000000005,402,131,5,64,21,8,3,35,2,2,0,2,2,4,2,3,3,0,0,0,0,0,2,1,0,4,2,11
50000,0.8,0.7853981633974483,0.125,2.5,0.2,0.07,0.029343364547842796,0.03022,0.02522000000000004,380,126,3,76,8,14,1,41,1,1,1,0,2,3,5,1,1,0,2,0,0,3,3,0,1,3,1,7
50000,0.8,0.7853981633974483,0.125,2.5,0.2,0.07,0.029343364547842796,0.02924,0.02622000000000003,413,114,8,70,22,9,0,29,4,3,0,1,1,1,4,3,2,0,0,1,0,4,2,2,0,5,2,15
50000,0.8,0.7853981633974483,0.125,2.5,0.2,0.07,0.029343364547842796,0.02964,0.026440000000000026,367,122,11,67,12,13,2,42,6,2,0,3,2,4,3,0,3,0,0,0,0,5,1,1,0,3,0,18
50000,0.8,0.7853981633974483,0.125,2.5,0.2,0.07,0.029343364547842796,0.03006,0.026700000000000026,393,114,5,67,23,13,3,41,3,0,1,0,2,5,7,1,2,2,0,0,0,5,4,3,0,2,1,11
50000,0.8,0.7853981633974483,0.125,2.5,0.2,0.07,0.029343364547842796,0.02882,0.02436,376,117,7,63,8,11,4,38,1,3,4,1,4,3,3,3,0,3,1,0,0,1,1,1,0,1,1,13
50000,0.8,0.7853981633974483,0.125,2.5,0.2,0.07,0.029343364547842796,0.02998,0.026860000000000033,433,106,3,88,19,7,1,51,3,2,3,1,3,0,3,3,0,3,0,0,0,2,4,0,3,1,0,5
50000,0.8,0.7853981633974483,0.125,2.5,0.2,0.07,0.029343364547842796,0.02916,0.02554000000000007,373,122,11,85,18,15,0,42,3,1,1,0,0,4,1,0,1,0,1,0,0,1,2,2,1,0,1,7
50000,0.8,0.7853981633974483,0.125,2.5,0.2,0.07,0.029343364547842796,0.02894,0.023600000000000013,375,117,2,66,11,9,2,42,2,1,0,0,2,1,3,1,1,0,1,1,0,3,3,0,0,0,3,7
50000,0.8,0.7853981633974483,0.125,2.5,0.2,0.07,0.029343364547842796,0.02768,0.024780000000000035,394,115,7,69,21,6,0,39,2,5,3,0,0,2,4,0,1,0,1,0,0,1,1,2,0,1,0,12
50000,0.8,0.7853981633974483,0.125,2.5,0.2,0.07,0.029343364547842796,0.029,0.025840000000000026,392,117,6,76,9,6,1,41,6,1,0,0,2,1,6,1,1,2,0,0,0,4,2,0,0,5,3,12
50000,0.8,0.7853981633974483,0.125,2.5,0.2,0.07,0.029343364547842796,0.02928,0.02596000000000004,414,129,7,73,24,4,2,32,4,1,0,0,2,0,2,1,0,3,0,0,0,2,3,0,0,3,1,15
50000,0.8,0.7853981633974483,0.125,2.5,0.2,0.07,0.029343364547842796,0.0284,0.02550000000000005,389,116,9,79,23,5,1,40,4,1,0,1,1,1,4,1,1,2,0,0,0,3,4,1,1,1,0,8
50000,0.8,0.7853981633974483,0.125,2.5,0.2,0.07,0.029343364547842796,0.0307,0.027340000000000034,448,127,4,76,10,14,2,43,5,0,1,1,3,0,3,1,1,0,1,0,0,4,2,1,0,1,0,14
50000,0.8,0.7853981633974483,0.125,2.5,0.2,0.07,0.029343364547842796,0.0293,0.025820000000000044,407,121,4,77,11,10,1,50,1,1,2,0,1,1,4,1,2,0,1,0,0,3,2,2,1,2,2,5
50000,0.8,0.7853981633974483,0.125,2.5,0.2,0.07,0.029343364547842796,0.02902,0.02490000000000003,388,126,3,73,13,7,0,30,2,1,2,0,1,3,9,0,1,0,0,0,0,3,2,2,1,3,1,11
50000,0.8,0.7853981633974483,0.125,2.5,0.2,0.07,0.029343364547842796,0.0297,0.026020000000000074,389,134,9,84,13,9,0,38,5,0,2,1,1,3,6,0,3,2,0,0,0,2,3,1,0,3,0,5
50000,0.8,0.7853981633974483,0.125,2.5,0.2,0.07,0.029343364547842796,0.03142,0.02628000000000003,393,122,5,70,13,9,1,41,2,2,1,1,4,2,4,2,2,2,1,0,1,6,2,0,0,2,1,14
50000,0.8,0.7853981633974483,0.125,2.5,0.2,0.07,0.029343364547842796,0.0308,0.026720000000000032,374,119,7,75,17,10,1,50,1,3,1,1,3,1,6,2,1,3,0,0,0,2,4,2,0,5,0,10
50000,0.8,0.7853981633974483,0.125,2.5,0.2,0.07,0.029343364547842796,0.02736,0.02362000000000003,366,120,7,70,15,11,3,37,5,0,2,0,0,5,4,1,0,3,0,1,0,1,2,1,0,0,2,3
50000,0.8,0.7853981633974483,0.125,2.5,0.2,0.07,0.029343364547842796,0.02788,0.02398,413,104,8,71,9,9,1,23,0,3,0,1,3,4,4,0,1,1,0,0,0,5,2,3,0,2,0,13
50000,0.8,0.7853981633974483,0.125,2.5,0.2,0.07,0.029343364547842796,0.02986,0.02562000000000002,399,110,5,76,13,14,1,38,1,0,1,0,2,3,6,1,1,2,0,1,0,1,2,3,0,2,1,13
50000,0.8,0.7853981633974483,0.125,2.5,0.2,0.07,0.029343364547842796,0.0286,0.02566000000000004,407,119,7,76,11,11,0,48,1,0,2,0,3,2,2,2,0,1,0,0,0,3,2,0,1,2,0,9
50000,0.8,0.7853981633974483,0.125,2.5,0.2,0.07,0.029343364547842796,0.02788,0.024960000000000038,355,123,10,79,10,9,1,43,2,6,2,2,5,0,5,0,1,3,1,0,0,3,0,2,1,3,1,3
50000,0.8,0.7853981633974483,0.125,2.5,0.2,0.07,0.029343364547842796,0.02794,0.025340000000000015,365,125,6,71,13,10,0,35,2,3,3,0,0,0,6,3,1,4,0,0,0,2,3,3,2,4,2,12
50000,0.8,0.7853981633974483,0.125,2.5,0.2,0.07,0.029343364547842796,0.02882,0.026180000000000037,410,119,7,83,12,10,2,30,5,2,0,0,1,2,7,1,1,1,0,0,0,1,2,0,2,4,1,14
50000,0.8,0.7853981633974483,0.125,2.5,0.2,0.07,0.029343364547842796,0.02804,0.024700000000000007,372,119,6,70,4,10,1,38,1,0,1,2,2,1,4,5,1,1,0,1,1,1,3,0,0,5,1,14
50000,0.8,0.7853981633974483,0.125,2.5,0.2,0.07,0.029343364547842796,0.02724,0.023360000000000023,382,112,8,67,16,4,0,34,3,4,0,1,0,3,3,2,0,2,1,0,0,0,1,0,0,2,4,8
50000,0.8,0.7853981633974483,0.125,2.5,0.2,0.07,0.029343364547842796,0.0281,0.025060000000000037,366,125,13,71,9,7,0,46,3,0,2,0,2,3,3,1,2,0,0,0,0,4,3,0,3,3,1,7
50000,0.8,0.7853981633974483,0.125,2.5,0.2,0.07,0.029343364547842796,0.02962,0.025120000000000017,391,116,7,62,13,10,2,40,2,3,0,1,4,2,4,0,0,2,0,0,0,3,3,2,1,3,2,11
50000,0.8,0.7853981633974483,0.125,2.5,0.2,0.07,0.029343364547842796,0.0297,0.025440000000000067,424,136,10,80,12,6,2,34,4,1,0,0,3,0,3,1,2,0,0,0,0,4,1,1,0,0,0,7
50000,0.8,0.7853981633974483,0.125,2.5,0.2,0.07,0.029343364547842796,0.02862,0.024720000000000044,403,125,7,72,12,8,0,40,1,3,0,0,1,0,0,2,1,0,0,0,0,1,3,0,0,2,0,13
50000,0.8,0.7853981633974483,0.125,2.5,0.2,0.07,0.029343364547842796,0.0283,0.02468000000000002,377,119,4,70,19,11,1,31,2,0,2,0,2,2,7,2,1,2,0,0,0,0,2,0,0,5,2,11
50000,0.8,0.7853981633974483,0.125,2.5,0.2,0.07,0.029343364547842796,0.03084,0.026380000000000046,376,126,4,80,19,10,3,43,5,0,1,0,3,3,4,2,0,1,0,1,0,1,5,0,0,1,2,10
50000,0.8,0.7853981633974483,0.125,2.5,0.2,0.07,0.029343364547842796,0.0323,0.027100000000000048,413,108,7,95,11,17,1,49,0,0,0,1,1,2,3,0,2,0,0,0,0,5,1,0,1,2,2,9
50000,0.8,0.7853981633974483,0.125,2.5,0.2,0.07,0.029343364547842796,0.02998,0.0251,371,113,2,74,16,3,0,38,3,2,1,0,2,2,11,0,0,0,1,1,0,2,2,1,0,4,1,13
50000,0.8,0.7853981633974483,0.125,2.5,0.2,0.07,0.029343364547842796,0.02774,0.02357999999999998,355,105,8,69,17,6,1,27,2,1,0,1,1,3,6,1,0,3,0,0,0,0,6,1,0,3,1,15
50000,0.8,0.7853981633974483,0.125,2.5,0.2,0.07,0.029343364547842796,0.02902,0.02472000000000003,388,110,6,84,11,12,0,29,2,4,2,1,2,2,2,0,2,3,0,0,0,0,2,0,0,3,0,15
50000,0.8,0.7853981633974483,0.125,2.5,0.2,0.07,0.029343364547842796,0.02798,0.024339999999999983,410,103,3,64,11,4,0,38,5,0,0,0,2,2,2,1,0,4,1,0,1,4,3,1,0,2,5,12
50000,0.8,0.7853981633974483,0.125,2.5,0.2,0.07,0.029343364547842796,0.0313,0.026480000000000073,390,135,8,76,14,8,0,46,4,6,3,0,2,0,3,1,2,1,0,1,0,2,3,2,0,2,1,8
50000,0.8,0.7853981633974483,0.125,2.5,0.2,0.07,0.029343364547842796,0.02792,0.02416000000000004,396,128,7,62,9,13,0,34,1,3,0,0,2,0,5,2,1,2,0,0,0,3,2,2,0,1,2,8
50000,0.8,0.7853981633974483,0.125,2.5,0.2,0.07,0.029343364547842796,0.03034,0.026160000000000027,378,113,2,87,9,11,1,51,2,0,0,0,2,1,2,1,2,1,0,0,0,3,2,1,0,3,0,15
50000,0.8,0.7853981633974483,0.125,2.5,0.2,0.07,0.029343364547842796,0.02974,0.025460000000000052,384,122,8,80,15,12,1,33,5,0,1,1,2,2,3,0,0,0,0,0,0,1,2,2,2,4,1,11
50000,0.8,0.7853981633974483,0.125,2.5,0.2,0.07,0.029343364547842796,0.0286,0.025100000000000042,370,122,9,76,16,10,1,40,1,2,0,2,2,2,5,1,1,1,0,0,0,2,2,1,0,0,1,10
50000,0.8,0.7853981633974483,0.125,2.5,0.2,0.07,0.029343364547842796,0.02842,0.02428000000000006,388,135,6,72,12,10,1,25,3,4,1,1,1,3,1,2,0,2,0,1,0,3,2,3,0,3,2,6
50000,0.8,0.7853981633974483,0.125,2.5,0.2,0.07,0.029343364547842796,0.0309,0.026860000000000075,390,150,4,71,15,11,1,48,0,2,2,0,2,0,3,2,2,2,0,0,0,4,0,2,2,2,1,10
50000,0.8,0.7853981633974483,0.125,2.5,0.2,0.07,0.029343364547842796,0.02842,0.02474000000000003,400,109,7,76,16,8,2,32,5,3,0,1,2,1,6,1,0,1,0,0,0,1,2,0,1,5,0,9
50000,0.8,0.7853981633974483,0.125,2.5,0.2,0.07,0.029343364547842796,0.03044,0.025100000000000025,389,101,6,73,19,7,0,46,6,1,1,2,5,0,7,1,0,0,0,0,0,0,2,0,1,2,2,8
50000,0.8,0.7853981633974483,0.125,2.5,0.2,0.07,0.029343364547842796,0.03056,0.026080000000000065,391,126,9,78,13,17,1,35,5,2,0,1,3,2,3,0,1,1,0,0,0,1,3,2,0,6,0,9
50000,0.8,0.7853981633974483,0.125,2.5,0.2,0.07,0.029343364547842796,0.02756,0.02464000000000001,400,106,9,63,8,10,1,53,0,1,3,1,2,2,8,1,0,0,0,0,0,2,2,3,0,1,0,6
50000,0.8,0.7853981633974483,0.125,2.5,0.2,0.07,0.029343364547842796,0.02886,0.024460000000000013,371,118,9,63,7,7,0,38,6,1,1,2,4,4,5,1,0,0,0,0,0,5,3,4,1,2,0,9
50000,0.8,0.7853981633974483,0.125,2.5,0.2,0.07,0.029343364547842796,0.0289,0.02574000000000005,398,133,4,78,17,6,0,28,5,0,1,0,3,0,10,0,3,1,1,0,0,2,3,0,0,3,0,11
50000,0.8,0.7853981633974483,0.125,2.5,0.2,0.07,0.029343364547842796,0.03034,0.02596000000000003,372,120,7,63,20,17,2,50,2,1,2,0,3,2,3,1,1,1,0,1,0,1,2,2,0,4,1,10
50000,0.8,0.7853981633974483,0.125,2.5,0.2,0.07,0.029343364547842796,0.02974,0.02604000000000002,386,111,5,79,12,9,3,40,5,2,1,1,4,1,7,0,2,2,0,0,0,5,3,0,1,1,1,12
50000,0.8,0.7853981633974483,0.125,2.5,0.2,0.07,0.029343364547842796,0.02824,0.02574000000000004,377,123,4,87,11,10,0,33,4,1,2,3,1,5,5,0,0,1,1,0,0,1,0,3,0,4,1,12
50000,0.8,0.7853981633974483,0.125,2.5,0.2,0.07,0.029343364547842796,0.02682,0.023100000000000034,398,114,8,57,16,12,0,36,5,2,0,0,1,2,2,0,1,1,1,0,0,1,1,0,0,1,1,7
50000,0.8,0.7853981633974483,0.125,2.5,0.2,0.07,0.029343364547842796,0.02704,0.023860000000000006,427,104,7,67,11,12,0,31,3,3,1,1,0,2,9,0,0,1,0,0,0,2,0,0,0,5,0,6
50000,0.8,0.7853981633974483,0.125,2.5,0.2,0.07,0.029343364547842796,0.0283,0.02408,402,92,6,70,18,12,2,38,1,2,1,0,1,1,6,0,1,2,0,0,1,0,0,4,0,3,1,9
50000,0.8,0.7853981633974483,0.125,2.5,0.2,0.07,0.029343364547842796,0.02738,0.024560000000000016,366,121,6,59,12,9,3,49,4,1,1,0,2,3,3,2,1,2,0,1,0,3,3,4,0,3,0,6
50000,0.8,0.7853981633974483,0.125,2.5,0.2,0.07,0.029343364547842796,0.02874,0.025460000000000052,400,131,9,73,13,8,1,32,4,3,0,2,1,3,5,0,1,2,0,0,0,4,2,1,1,0,0,11
50000,0.8,0.7853981633974483,0.125,2.5,0.2,0.07,0.029343364547842796,0.031,0.026580000000000048,373,131,3,90,12,10,1,32,1,3,0,2,3,4,2,2,1,0,0,0,0,4,2,0,1,4,1,16
50000,0.8,0.7853981633974483,0.125,2.5,0.2,0.07,0.029343364547842796,0.02782,0.024160000000000032,367,104,6,92,21,8,1,38,0,1,1,0,0,0,4,1,0,1,0,0,0,2,3,2,0,1,0,6
50000,0.8,0.7853981633974483,0.125,2.5,0.2,0.07,0.029343364547842796,0.0278,0.02604000000000004,375,128,9,71,12,8,1,47,3,2,0,1,4,2,4,1,1,3,0,0,0,4,2,2,0,3,4,7
50000,0.8,0.7853981633974483,0.125,2.5,0.2,0.07,0.029343364547842796,0.02836,0.024880000000000034,363,125,8,73,16,10,2,36,4,1,1,0,1,1,2,4,2,3,0,0,0,0,6,2,1,1,2,9
50000,0.8,0.7853981633974483,0.125,2.5,0.2,0.07,0.029343364547842796,0.02842,0.02494000000000003,406,122,6,80,11,7,0,22,2,1,0,0,1,4,3,2,0,0,0,2,0,3,3,2,0,0,1,17
50000,0.8,0.7853981633974483,0.125,2.5,0.2,0.07,0.029343364547842796,0.02926,0.02608000000000004,424,120,10,74,12,9,3,38,4,4,1,1,2,2,3,4,0,1,0,0,0,3,5,0,0,3,1,7
50000,0.8,0.7853981633974483,0.125,2.5,0.2,0.07,0.029343364547842796,0.03034,0.026560000000000042,412,120,5,75,16,12,1,42,4,3,1,0,1,2,6,1,0,1,0,0,0,3,6,2,0,2,0,9
50000,0.8,0.7853981633974483,0.125,2.5,0.2,0.07,0.029343364547842796,0.02854,0.024940000000000045,368,121,6,81,17,12,3,38,3,0,1,1,4,1,4,1,1,0,0,0,0,3,1,3,1,1,1,5
50000,0.8,0.7853981633974483,0.125,2.5,0.2,0.07,0.029343364547842796,0.03008,0.02594000000000004,356,128,8,83,14,12,2,38,3,1,4,0,4,0,3,4,1,1,0,0,0,5,1,2,0,1,3,10
50000,0.8,0.7853981633974483,0.125,2.5,0.2,0.07,0.029343364547842796,0.0297,0.025820000000000048,378,126,6,77,20,11,1,30,2,2,1,1,2,6,5,0,2,2,0,0,0,7,4,0,0,1,2,8
50000,0.8,0.7853981633974483,0.125,2.5,0.2,0.07,0.029343364547842796,0.03114,0.027380000000000047,377,122,13,87,18,7,2,41,0,3,2,3,0,4,6,0,0,1,0,0,1,4,3,2,1,1,1,14
50000,0.8,0.7853981633974483,0.125,2.5,0.2,0.07,0.029343364547842796,0.02742,0.024400000000000043,400,100,13,80,17,12,0,29,4,4,2,1,2,0,4,0,1,0,0,0,0,3,1,1,3,2,0,7
50000,0.8,0.7853981633974483,0.125,2.5,0.2,0.07,0.029343364547842796,0.02962,0.025220000000000027,393,124,5,72,10,10,1,31,3,1,3,0,2,4,3,2,2,4,0,0,0,5,4,1,1,0,0,13
50000,0.8,0.7853981633974483,0.125,2.5,0.2,0.07,0.029343364547842796,0.0281,0.02536000000000002,409,116,7,67,11,12,0,37,5,0,1,0,1,3,7,2,0,1,0,0,0,1,3,4,0,1,0,13
50000,0.8,0.7853981633974483,0.125,2.5,0.2,0.07,0.029343364547842796,0.0285,0.024259999999999993,401,104,6,62,13,9,3,34,2,1,0,0,0,1,7,3,2,2,0,0,0,1,4,1,1,2,2,13
50000,0.8,0.7853981633974483,0.125,2.5,0.2,0.07,0.029343364547842796,0.02946,0.026240000000000055,391,137,8,74,16,5,0,34,5,1,1,1,3,1,9,0,2,4,0,0,0,2,6,0,0,0,1,11
50000,0.8,0.7853981633974483,0.125,2.5,0.2,0.07,0.029343364547842796,0.02746,0.02352000000000001,349,114,8,76,12,5,2,45,2,1,0,1,2,2,4,0,0,0,0,0,0,2,0,1,0,2,1,7
50000,0.8,0.7853981633974483,0.125,2.5,0.2,0.07,0.029343364547842796,0.0292,0.027540000000000057,394,118,7,83,14,12,1,61,4,1,1,2,2,4,2,0,0,2,0,0,0,1,3,2,0,2,1,9
50000,0.8,0.7853981633974483,0.125,2.5,0.2,0.07,0.029343364547842796,0.0313,0.027080000000000024,400,109,5,77,25,8,2,37,2,3,2,1,3,2,5,3,0,2,0,1,0,4,1,2,3,4,2,14
50000,0.8,0.7853981633974483,0.125,2.5,0.2,0.07,0.029343364547842796,0.02882,0.025200000000000007,378,104,6,78,18,5,2,40,3,0,1,0,2,2,8,1,1,1,0,0,0,3,0,2,0,4,1,12
50000,0.8,0.7853981633974483,0.125,2.5,0.2,0.07,0.029343364547842796,0.02926,0.025760000000000043,388,119,7,77,12,8,0,42,1,6,1,0,1,5,5,0,2,2,0,1,0,1,0,3,0,3,1,11
50000,0.8,0.7853981633974483,0.125,2.5,0.2,0.07,0.029343364547842796,0.03098,0.026520000000000026,373,112,3,80,16,14,1,51,3,2,0,0,3,1,2,1,2,3,0,0,0,3,1,1,1,5,0,13
50000,0.8,0.7853981633974483,0.125,2.5,0.2,0.07,0.029343364547842796,0.03044,0.026740000000000052,394,133,10,72,14,10,2,39,1,0,0,1,4,6,3,0,1,1,0,0,0,3,2,2,1,2,1,15
50000,0.8,0.7853981633974483,0.125,2.5,0.2,0.07,0.029343364547842796,0.02842,0.024159999999999997,376,105,7,70,7,9,1,41,3,3,1,2,1,4,6,1,0,4,0,0,0,2,3,1,0,0,0,11
50000,0.8,0.7853981633974483,0.125,2.5,0.2,0.07,0.029343364547842796,0.02962,0.026020000000000054,391,134,5,64,16,11,0,37,3,2,2,1,1,4,7,3,2,1,0,1,0,4,3,0,1,3,2,8
50000,0.8,0.7853981633974483,0.125,2.5,0.2,0.07,0.029343364547842796,0.02928,0.02564000000000001,410,115,6,69,10,6,4,47,2,3,1,1,2,0,5,1,0,2,0,0,0,2,5,0,0,4,3,8
50000,0.8,0.7853981633974483,0.125,2.5,0.2,0.07,0.029343364547842796,0.03032,0.025800000000000028,395,131,2,66,10,5,1,43,5,3,1,0,2,2,4,1,0,0,0,0,0,3,2,4,0,1,1,16
50000,0.8,0.7853981633974483,0.125,2.5,0.2,0.07,0.029343364547842796,0.031,0.02632000000000002,416,126,5,56,10,14,0,46,4,4,3,0,1,2,4,0,1,1,1,0,0,5,4,2,1,4,0,11
50000,0.8,0.7853981633974483,0.125,2.5,0.2,0.07,0.029343364547842796,0.03264,0.02842000000000006,416,132,5,87,17,8,1,47,2,4,1,2,2,1,3,1,1,1,0,0,0,1,6,2,0,1,2,14
50000,0.8,0.7853981633974483,0.125,2.5,0.2,0.07,0.029343364547842796,0.02998,0.025940000000000032,371,128,5,68,15,11,1,45,5,1,1,2,1,3,5,1,1,1,0,0,0,0,2,1,2,2,3,12
50000,0.8,0.7853981633974483,0.125,2.5,0.2,0.07,0.029343364547842796,0.02942,0.02472000000000003,393,113,5,77,8,15,1,35,1,1,1,0,3,1,2,1,1,2,0,0,0,7,2,2,0,2,2,8
50000,0.8,0.7853981633974483,0.125,2.5,0.2,0.07,0.029343364547842796,0.02984,0.025600000000000046,393,124,5,63,16,14,1,43,2,3,0,0,1,5,7,0,1,0,0,0,0,2,2,3,1,3,0,8
50000,0.8,0.7853981633974483,0.125,2.5,0.2,0.07,0.029343364547842796,0.02944,0.026159999999999996,409,102,4,66,17,10,3,50,0,4,1,1,1,2,7,0,0,0,1,0,0,2,1,0,1,5,1,14
50000,0.8,0.7853981633974483,0.125,2.5,0.2,0.07,0.029343364547842796,0.03172,0.027700000000000082,380,135,8,93,15,12,1,32,2,4,0,2,1,5,4,2,4,2,0,1,0,0,5,1,0,10,0,9
50000,0.8,0.7853981633974483,0.125,2.5,0.2,0.07,0.029343364547842796,0.02902,0.025440000000000046,412,126,4,76,13,11,0,38,2,0,1,2,4,0,2,0,3,2,0,1,0,0,2,0,0,4,1,9
50000,0.8,0.7853981633974483,0.125,2.5,0.2,0.07,0.029343364547842796,0.0291,0.026100000000000054,364,142,4,70,19,9,2,46,2,4,1,0,2,3,3,0,2,1,0,0,0,4,0,1,1,2,0,11
50000,0.8,0.7853981633974483,0.125,2.5,0.2,0.07,0.029343364547842796,0.031,0.02664000000000006,390,122,8,82,22,9,0,46,1,0,0,0,2,1,3,1,0,0,0,0,0,1,4,2,0,0,3,13
50000,0.8,0.7853981633974483,0.125,2.5,0.2,0.07,0.029343364547842796,0.03182,0.027980000000000064,376,129,8,79,16,15,1,50,7,4,1,0,0,4,4,0,2,0,0,0,1,4,4,0,2,1,1,13
50000,0.8,0.7853981633974483,0.125,2.5,0.2,0.07,0.029343364547842796,0.0288,0.024360000000000017,401,109,7,71,13,5,1,38,3,2,2,2,0,1,3,1,3,1,0,0,0,2,1,2,1,1,0,12
50000,0.8,0.7853981633974483,0.125,2.5,0.2,0.07,0.029343364547842796,0.03068,0.02694000000000006,382,127,6,92,9,10,0,52,1,5,0,1,0,1,1,0,0,2,0,1,0,3,2,0,1,5,1,10
50000,0.8,0.7853981633974483,0.125,2.5,0.2,0.07,0.029343364547842796,0.02908,0.02454000000000003,400,111,10,85,5,7,1,39,1,0,0,0,1,3,5,0,1,1,0,0,0,1,1,0,1,4,1,8
50000,0.8,0.7853981633974483,0.125,2.5,0.2,0.07,0.029343364547842796,0.02886,0.024760000000000042,389,115,9,77,19,11,1,32,2,0,2,0,1,2,5,2,1,1,0,0,0,2,2,1,1,2,0,9
50000,0.8,0.7853981633974483,0.125,2.5,0.2,0.07,0.029343364547842796,0.0302,0.026080000000000037,399,125,2,80,14,11,1,34,2,2,2,0,2,2,8,1,0,3,0,0,0,2,3,3,0,3,1,10
50000,0.8,0.7853981633974483,0.125,2.5,0.2,0.07,0.029343364547842796,0.02894,0.025100000000000053,423,143,7,63,10,9,1,37,2,1,2,1,0,1,2,1,3,0,0,0,0,1,3,2,0,5,2,5
50000,0.8,0.7853981633974483,0.125,2.5,0.2,0.07,0.029343364547842796,0.02936,0.025780000000000025,407,105,7,82,16,12,1,36,1,1,1,1,0,3,6,0,2,1,1,0,0,3,4,0,0,2,1,11
50000,0.8,0.7853981633974483,0.125,2.5,0.2,0.07,0.029343364547842796,0.02734,0.023580000000000007,408,112,3,67,9,11,2,32,1,2,1,0,0,2,5,0,2,2,0,0,0,2,3,1,0,1,0,10
50000,0.8,0.7853981633974483,0.125,2.5,0.2,0.07,0.029343364547842796,0.03236,0.02702000000000006,385,139,8,78,17,4,0,49,4,0,0,0,1,0,4,0,2,2,0,0,0,4,0,1,2,1,0,16
50000,0.8,0.7853981633974483,0.125,2.5,0.2,0.07,0.029343364547842796,0.03018,0.02718000000000005,383,121,7,74,18,14,0,41,4,5,0,1,3,2,4,1,3,0,0,0,0,5,4,2,0,6,0,12
50000,0.8,0.7853981633974483,0.125,2.5,0.2,0.07,0.029343364547842796,0.0286,0.024620000000000003,333,123,7,79,15,3,2,37,1,1,0,1,4,4,3,1,0,1,0,2,0,1,2,3,0,4,0,13
50000,0.8,0.7853981633974483,0.125,2.5,0.2,0.07,0.029343364547842796,0.03102,0.02758000000000005,360,115,7,94,18,15,0,46,4,1,1,1,2,3,3,1,4,2,0,0,0,2,3,0,2,5,1,12
50000,0.8,0.7853981633974483,0.125,2.5,0.2,0.07,0.029343364547842796,0.02826,0.02464000000000002,400,108,3,77,9,10,1,38,4,3,2,1,1,2,5,0,0,0,0,0,1,4,2,1,0,1,1,9
50000,0.8,0.7853981633974483,0.125,2.5,0.2,0.07,0.029343364547842796,0.02716,0.023860000000000027,358,127,5,67,15,8,1,31,2,3,0,0,5,5,3,2,2,0,1,0,0,1,1,0,0,5,0,9
50000,0.8,0.7853981633974483,0.125,2.5,0.2,0.07,0.029343364547842796,0.02822,0.023840000000000014,374,124,2,55,20,7,0,37,3,1,0,0,2,3,3,4,0,3,0,0,0,1,1,0,0,3,2,12
50000,0.8,0.7853981633974483,0.125,2.5,0.2,0.07,0.029343364547842796,0.0299,0.02560000000000005,390,145,5,78,8,5,3,29,1,0,0,0,1,1,12,2,0,2,0,0,0,3,5,1,1,0,0,11
50000,0.8,0.7853981633974483,0.125,2.5,0.2,0.07,0.029343364547842796,0.02682,0.02374000000000005,375,136,4,80,11,7,1,31,0,1,1,0,0,1,6,2,2,2,0,0,0,0,0,0,1,0,1,8
50000,0.8,0.7853981633974483,0.125,2.5,0.2,0.07,0.029343364547842796,0.02682,0.02324000000000005,382,132,2,64,11,11,1,32,3,2,0,2,4,1,4,1,1,0,2,0,0,2,1,2,0,0,0,4
50000,0.8,0.7853981633974483,0.125,2.5,0.2,0.07,0.029343364547842796,0.0289,0.024520000000000024,374,120,3,71,8,9,0,40,3,2,1,0,2,2,4,3,1,0,0,0,1,2,2,2,1,2,1,11
50000,0.8,0.7853981633974483,0.125,2.5,0.2,0.07,0.029343364547842796,0.03048,0.026280000000000067,401,132,6,88,16,6,0,37,3,1,2,0,1,1,4,0,3,2,0,0,0,2,3,1,0,5,0,8
50000,0.8,0.7853981633974483,0.125,2.5,0.2,0.07,0.029343364547842796,0.03084,0.027780000000000048,379,132,4,86,18,8,1,47,1,2,2,0,1,1,8,1,1,0,0,0,0,3,1,2,0,2,1,17
50000,0.8,0.7853981633974483,0.125,2.5,0.2,0.07,0.029343364547842796,0.02986,0.02630000000000004,373,109,10,88,17,9,1,45,1,1,0,1,2,0,10,0,3,1,0,0,0,4,4,1,1,1,0,8
50000,0.8,0.7853981633974483,0.125,2.5,0.2,0.07,0.029343364547842796,0.02904,0.02542000000000004,394,106,8,86,19,4,0,38,4,1,0,0,3,2,3,1,1,1,0,1,0,2,5,1,1,0,1,10
50000,0.8,0.7853981633974483,0.125,2.5,0.2,0.07,0.029343364547842796,0.02842,0.02508000000000002,354,130,6,72,15,8,2,34,4,0,1,0,3,2,7,1,0,1,0,0,0,4,2,2,0,3,2,11
50000,0.8,0.7853981633974483,0.125,2.5,0.2,0.07,0.029343364547842796,0.03032,0.02714000000000002,388,108,7,78,14,8,2,46,5,2,1,1,0,0,4,2,2,0,0,0,0,6,3,1,2,3,0,20
50000,0.8,0.7853981633974483,0.125,2.5,0.2,0.07,0.029343364547842796,0.02926,0.025400000000000065,403,132,4,81,10,9,1,38,4,1,0,1,2,4,4,2,0,0,0,1,0,2,2,1,1,1,1,5
50000,0.8,0.7853981633974483,0.125,2.5,0.2,0.07,0.029343364547842796,0.03058,0.02614000000000005,409,135,4,65,16,12,0,38,2,2,0,3,3,1,4,0,3,1,0,0,0,1,1,0,1,4,0,14
50000,0.8,0.7853981633974483,0.125,2.5,0.2,0.07,0.029343364547842796,0.02834,0.024500000000000022,360,124,5,68,13,10,0,41,5,0,1,1,2,0,2,1,0,3,1,1,0,3,2,4,1,3,0,9
50000,0.8,0.7853981633974483,0.125,2.5,0.2,0.07,0.029343364547842796,0.0282,0.02438000000000003,385,125,6,82,6,4,1,34,0,1,1,0,1,1,3,0,3,2,1,0,0,0,4,0,0,2,1,13
50000,0.8,0.7853981633974483,0.125,2.5,0.2,0.07,0.029343364547842796,0.03112,0.028060000000000043,398,130,1,71,25,12,2,47,3,3,1,0,2,1,3,1,1,1,0,0,0,3,2,1,0,7,0,18
50000,0.8,0.7853981633974483,0.125,2.5,0.2,0.07,0.029343364547842796,0.02768,0.025020000000000032,395,109,4,77,17,10,2,38,2,1,2,3,1,1,5,0,4,1,0,1,0,1,3,1,0,3,1,7
50000,0.8,0.7853981633974483,0.125,2.5,0.2,0.07,0.029343364547842796,0.02798,0.02528000000000004,380,117,5,87,12,8,0,28,3,1,0,3,2,2,6,1,2,0,0,0,0,3,3,2,0,4,2,10
50000,0.8,0.7853981633974483,0.125,2.5,0.2,0.07,0.029343364547842796,0.02864,0.02418000000000001,370,105,11,71,18,12,1,27,0,1,0,1,4,3,5,0,2,1,0,0,0,3,5,1,0,0,2,12
50000,0.8,0.7853981633974483,0.125,2.5,0.2,0.07,0.029343364547842796,0.02998,0.026060000000000035,365,124,8,69,19,9,2,43,1,4,0,2,3,1,5,3,2,0,2,0,0,1,3,0,1,4,2,11
50000,0.8,0.7853981633974483,0.125,2.5,0.2,0.07,0.029343364547842796,0.02814,0.023900000000000022,392,109,5,67,15,11,0,37,1,1,0,1,0,1,5,0,2,0,0,1,0,5,2,1,0,0,0,10
50000,0.8,0.7853981633974483,0.125,2.5,0.2,0.07,0.029343364547842796,0.0272,0.024260000000000018,378,107,4,80,16,9,2,35,0,2,2,0,2,4,4,0,1,0,0,0,0,4,1,0,1,3,1,8
50000,0.8,0.7853981633974483,0.125,2.5,0.2,0.07,0.029343364547842796,0.02938,0.025940000000000046,382,120,4,81,15,17,0,32,5,3,1,0,2,2,5,2,0,3,0,0,0,3,2,0,0,4,2,11
50000,0.8,0.7853981633974483,0.125,2.5,0.2,0.07,0.029343364547842796,0.02978,0.025880000000000035,393,106,3,80,21,11,0,44,3,1,1,0,3,3,3,1,1,2,0,0,0,1,2,2,0,3,2,10
50000,0.8,0.7853981633974483,0.125,2.5,0.2,0.07,0.029343364547842796,0.03088,0.02660000000000005,397,123,7,90,17,11,3,31,2,0,2,0,3,3,5,1,2,0,0,0,0,1,1,1,0,1,0,17
50000,0.8,0.7853981633974483,0.125,2.5,0.2,0.07,0.029343364547842796,0.02878,0.02534000000000003,418,132,5,67,9,5,1,39,2,0,0,0,0,2,6,1,1,2,0,0,0,4,2,1,1,6,2,7
50000,0.8,0.7853981633974483,0.125,2.5,0.2,0.07,0.029343364547842796,0.02924,0.026060000000000035,389,115,9,76,15,11,1,42,1,0,2,3,0,3,10,2,1,1,0,0,0,2,4,0,1,2,0,9
50000,0.8,0.7853981633974483,0.125,2.5,0.2,0.07,0.029343364547842796,0.02862,0.025600000000000022,433,110,7,88,12,3,0,42,0,1,2,2,0,1,5,0,1,2,0,0,0,1,0,3,1,1,1,9
50000,0.8,0.7853981633974483,0.125,2.5,0.2,0.07,0.029343364547842796,0.02776,0.024040000000000023,374,111,5,72,19,11,1,36,1,2,1,0,3,1,2,0,1,1,0,0,0,3,3,0,2,2,0,9
50000,0.8,0.7853981633974483,0.125,2.5,0.2,0.07,0.029343364547842796,0.0315,0.027260000000000027,433,117,5,73,17,11,1,41,4,5,3,0,4,2,4,1,1,1,0,1,0,0,1,1,1,3,2,15
50000,0.8,0.7853981633974483,0.125,2.5,0.2,0.07,0.029343364547842796,0.02944,0.02668000000000005,414,135,5,75,13,7,1,43,4,1,0,1,2,2,4,0,1,0,0,0,0,2,3,2,0,5,1,10
50000,0.8,0.7853981633974483,0.125,2.5,0.2,0.07,0.029343364547842796,0.02922,0.024060000000000022,396,110,1,62,14,17,0,36,5,3,1,1,0,2,1,0,4,0,0,0,0,2,2,0,1,1,0,13
50000,0.8,0.7853981633974483,0.125,2.5,0.2,0.07,0.029343364547842796,0.02944,0.02550000000000006,390,120,6,76,17,13,1,41,5,4,0,1,0,1,3,1,0,0,0,0,0,1,5,1,0,4,0,7
50000,0.8,0.7853981633974483,0.125,2.5,0.2,0.07,0.029343364547842796,0.0289,0.025340000000000033,385,120,9,67,14,12,2,37,3,2,3,0,3,2,2,0,4,1,0,1,0,5,2,2,0,3,0,11
50000,0.8,0.7853981633974483,0.125,2.5,0.2,0.07,0.029343364547842796,0.02998,0.027180000000000044,413,116,4,82,18,13,2,41,4,0,0,2,0,2,4,1,3,2,0,0,0,3,6,2,1,6,0,8
50000,0.8,0.7853981633974483,0.125,2.5,0.2,0.07,0.029343364547842796,0.03062,0.026120000000000053,385,110,8,84,18,14,2,40,4,1,2,2,5,3,4,2,4,2,0,0,0,0,0,2,0,2,0,9
50000,0.8,0.7853981633974483,0.125,2.5,0.2,0.07,0.029343364547842796,0.02956,0.026260000000000037,398,128,6,78,11,6,2,36,3,2,0,2,1,0,6,0,1,0,1,0,0,1,2,1,2,3,0,18
50000,0.8,0.7853981633974483,0.125,2.5,0.2,0.07,0.029343364547842796,0.0284,0.02442000000000003,378,119,6,61,18,16,1,29,3,3,1,0,1,2,3,2,1,1,0,1,0,3,3,2,2,2,0,12
50000,0.8,0.7853981633974483,0.125,2.5,0.2,0.07,0.029343364547842796,0.02798,0.023800000000000012,374,112,5,65,10,13,2,41,2,0,0,2,1,4,4,1,2,1,0,0,0,1,1,0,1,0,1,11
50000,0.8,0.7853981633974483,0.125,2.5,0.2,0.07,0.029343364547842796,0.0286,0.025240000000000058,391,118,9,78,16,14,0,38,4,1,1,0,1,1,3,0,1,1,0,0,0,5,2,1,0,3,0,7
50000,0.8,0.7853981633974483,0.125,2.5,0.2,0.07,0.029343364547842796,0.02962,0.02624000000000004,434,134,11,63,15,7,1,42,5,0,1,0,2,1,1,3,1,2,0,0,0,0,1,0,0,4,2,13
50000,0.8,0.7853981633974483,0.125,2.5,0.2,0.07,0.029343364547842796,0.02972,0.026300000000000063,363,124,8,101,12,11,1,38,3,4,0,1,1,0,8,1,1,0,0,0,0,3,4,0,0,2,0,7
50000,0.8,0.7853981633974483,0.125,2.5,0.2,0.07,0.029343364547842796,0.0286,0.025539999999999972,429,92,3,64,15,9,3,40,3,1,0,2,2,1,6,0,2,1,0,0,0,2,4,4,1,2,4,13
50000,0.8,0.7853981633974483,0.125,2.5,0.2,0.07,0.029343364547842796,0.02938,0.02524000000000005,420,132,9,69,12,9,2,36,4,1,1,1,4,1,2,1,0,0,0,0,0,1,2,3,0,5,0,6
50000,0.8,0.7853981633974483,0.125,2.5,0.2,0.07,0.029343364547842796,0.03056,0.02600000000000005,396,107,5,96,18,6,2,45,3,1,0,1,2,3,2,0,1,0,0,0,0,3,2,1,0,0,2,8
50000,0.8,0.7853981633974483,0.125,2.5,0.2,0.07,0.029343364547842796,0.03048,0.027300000000000033,372,126,5,85,17,5,2,44,4,0,0,1,3,2,4,1,1,1,0,0,0,3,6,0,0,4,1,16
50000,0.8,0.7853981633974483,0.125,2.5,0.2,0.07,0.029343364547842796,0.02862,0.02496000000000005,395,133,4,73,12,12,2,31,2,2,1,0,1,4,3,1,1,1,0,1,0,1,3,1,0,3,0,10
50000,0.8,0.7853981633974483,0.125,2.5,0.2,0.07,0.029343364547842796,0.0298,0.025520000000000032,368,130,6,80,11,5,0,41,1,3,2,0,0,2,8,1,0,0,0,0,0,3,2,1,0,2,0,13
50000,0.8,0.7853981633974483,0.125,2.5,0.2,0.07,0.029343364547842796,0.02786,0.02480000000000005,379,138,8,62,13,8,1,44,4,2,0,1,2,2,3,1,2,3,0,0,0,1,0,0,0,3,0,9
50000,0.8,0.7853981633974483,0.125,2.5,0.2,0.07,0.029343364547842796,0.0309,0.025880000000000025,391,125,5,69,14,7,2,45,0,2,5,1,1,0,4,2,2,1,0,0,0,5,4,0,1,2,0,12
50000,0.8,0.7853981633974483,0.125,2.5,0.2,0.07,0.029343364547842796,0.03008,0.025980000000000038,400,107,7,76,23,16,1,39,1,2,0,0,1,2,6,2,0,2,0,1,0,3,1,1,0,5,0,9
50000,0.8,0.7853981633974483,0.125,2.5,0.2,0.07,0.029343364547842796,0.02922,0.025020000000000046,386,111,10,81,14,4,1,43,1,3,0,1,1,5,5,3,1,0,1,1,0,1,0,1,0,2,0,8
50000,0.8,0.7853981633974483,0.125,2.5,0.2,0.07,0.029343364547842796,0.02828,0.024580000000000015,370,118,4,67,17,9,0,41,2,1,0,0,1,4,7,0,0,2,1,0,0,2,3,0,1,1,0,11
50000,0.8,0.7853981633974483,0.125,2.5,0.2,0.07,0.029343364547842796,0.02926,0.025560000000000017,400,113,4,71,13,10,2,32,2,2,0,1,1,3,3,1,3,0,0,1,1,2,5,2,0,5,1,15
50000,0.8,0.7853981633974483,0.125,2.5,0.2,0.07,0.029343364547842796,0.02848,0.02522000000000003,375,110,9,81,14,13,3,42,2,1,0,2,0,3,3,0,1,0,1,0,0,4,2,0,0,3,0,9
50000,0.8,0.7853981633974483,0.125,2.5,0.2,0.07,0.029343364547842796,0.02908,0.02534000000000004,386,114,7,79,15,7,2,43,5,2,0,1,1,2,7,1,1,3,0,0,0,1,2,1,1,1,0,8
50000,0.8,0.7853981633974483,0.125,2.5,0.2,0.07,0.029343364547842796,0.02964,0.025240000000000012,372,118,2,74,12,9,1,45,2,1,1,0,1,2,3,1,1,2,0,0,0,6,1,1,1,3,1,12
50000,0.8,0.7853981633974483,0.125,2.5,0.2,0.07,0.029343364547842796,0.02686,0.023300000000000022,385,103,4,74,16,12,0,37,0,1,0,0,3,0,2,1,0,1,0,0,0,2,2,1,0,0,2,8
50000,0.8,0.7853981633974483,0.125,2.5,0.2,0.07,0.029343364547842796,0.03034,0.026360000000000078,391,147,3,88,14,4,3,41,0,2,0,1,4,0,8,0,0,1,0,0,0,4,0,0,1,1,0,7
50000,0.8,0.7853981633974483,0.125,2.5,0.2,0.07,0.029343364547842796,0.02726,0.023920000000000028,365,116,3,74,20,8,2,34,5,2,0,1,2,4,4,1,1,1,0,0,0,2,0,2,0,2,0,7
50000,0.8,0.7853981633974483,0.125,2.5,0.2,0.07,0.029343364547842796,0.02906,0.026160000000000037,397,123,9,75,11,10,1,38,2,2,0,1,3,2,6,0,0,1,0,0,0,3,2,2,1,1,1,15
50000,0.8,0.7853981633974483,0.125,2.5,0.2,0.07,0.029343364547842796,0.02984,0.02630000000000002,388,109,16,74,12,7,0,41,3,2,1,0,2,1,3,1,0,2,0,0,0,5,4,3,0,5,1,16
50000,0.8,0.7853981633974483,0.125,2.5,0.2,0.07,0.029343364547842796,0.0294,0.025660000000000027,395,105,12,82,13,9,2,39,1,1,0,0,1,3,4,1,0,1,0,0,0,2,6,2,1,1,0,13
50000,0.8,0.7853981633974483,0.125,2.5,0.2,0.07,0.029343364547842796,0.03204,0.027660000000000077,394,136,6,86,20,7,0,45,1,0,1,0,1,3,5,3,1,0,1,0,0,4,2,3,0,2,0,12
50000,0.8,0.7853981633974483,0.125,2.5,0.2,0.07,0.029343364547842796,0.03146,0.026160000000000048,380,138,6,68,15,14,2,32,6,1,2,2,0,1,4,0,1,0,0,0,0,1,6,0,1,6,2,13
50000,0.8,0.7853981633974483,0.125,2.5,0.2,0.07,0.029343364547842796,0.02844,0.025120000000000038,376,111,13,84,12,11,0,37,1,2,0,0,3,1,5,2,0,3,0,0,0,3,4,1,0,2,2,7
50000,0.8,0.7853981633974483,0.125,2.5,0.2,0.07,0.029343364547842796,0.02918,0.02498000000000004,374,131,5,72,11,9,1,37,1,3,1,0,1,4,6,2,3,1,0,0,0,4,1,2,0,1,2,8
50000,0.8,0.7853981633974483,0.125,2.5,0.2,0.07,0.029343364547842796,0.02956,0.026360000000000033,379,116,7,76,13,14,1,45,3,2,0,1,2,1,9,0,2,1,0,0,0,8,1,2,0,0,1,10
50000,0.8,0.7853981633974483,0.125,2.5,0.2,0.07,0.029343364547842796,0.02838,0.024960000000000055,377,124,5,86,20,9,0,29,0,2,0,2,2,1,5,0,2,1,1,0,0,3,1,0,1,1,0,10
50000,0.8,0.7853981633974483,0.125,2.5,0.2,0.07,0.029343364547842796,0.02754,0.023860000000000024,366,122,5,74,11,7,1,37,1,1,2,1,2,2,1,1,1,0,0,0,0,4,4,1,0,2,2,7
50000,0.8,0.7853981633974483,0.125,2.5,0.2,0.07,0.029343364547842796,0.02906,0.02458000000000003,408,129,6,65,16,11,0,32,1,0,4,1,0,0,1,0,1,2,0,0,0,0,6,0,1,2,2,11
50000,0.8,0.7853981633974483,0.125,2.5,0.2,0.07,0.029343364547842796,0.02926,0.025760000000000068,392,139,7,76,13,12,0,35,2,1,1,2,0,0,6,1,1,1,0,0,0,2,1,2,0,3,0,11
50000,0.8,0.7853981633974483,0.125,2.5,0.2,0.07,0.029343364547842796,0.0305,0.026760000000000065,397,130,8,78,9,11,0,52,5,1,0,1,2,2,2,3,0,2,0,0,1,3,1,1,0,3,1,9
50000,0.8,0.7853981633974483,0.125,2.5,0.2,0.07,0.029343364547842796,0.02962,0.026220000000000052,406,126,7,81,12,14,1,35,2,2,0,1,0,3,4,0,1,1,0,0,0,3,4,2,0,3,1,10
50000,0.8,0.7853981633974483,0.125,2.5,0.2,0.07,0.029343364547842796,0.02876,0.026160000000000044,395,121,2,72,11,14,1,47,5,3,0,0,3,1,4,1,1,1,0,0,0,1,5,5,1,0,2,9
50000,0.8,0.7853981633974483,0.125,2.5,0.2,0.07,0.029343364547842796,0.02848,0.02390000000000002,350,124,5,67,20,7,1,45,1,1,2,2,1,2,3,0,1,2,0,0,0,1,0,1,0,2,2,7
50000,0.8,0.7853981633974483,0.125,2.5,0.2,0.07,0.029343364547842796,0.02914,0.02590000000000001,421,96,6,74,17,7,1,46,7,1,0,1,2,4,3,1,1,1,0,0,0,3,1,1,0,4,1,11
50000,0.8,0.7853981633974483,0.125,2.5,0.2,0.07,0.029343364547842796,0.03072,0.02702000000000006,395,126,7,79,26,8,0,48,1,1,1,0,0,2,5,1,0,3,0,0,1,3,4,0,1,5,1,6
50000,0.8,0.7853981633974483,0.125,2.5,0.2,0.07,0.029343364547842796,0.028,0.02390000000000003,385,128,5,53,17,9,0,35,1,2,0,1,2,1,4,2,0,1,0,0,0,4,4,2,1,2,2,7
50000,0.8,0.7853981633974483,0.125,2.5,0.2,0.07,0.029343364547842796,0.0319,0.02786000000000005,371,128,5,94,15,11,0,37,5,1,0,2,0,3,2,2,1,1,0,1,0,1,2,5,0,4,2,20
50000,0.8,0.7853981633974483,0.125,2.5,0.2,0.07,0.029343364547842796,0.02988,0.026340000000000058,394,134,8,76,14,3,0,49,0,0,0,0,0,4,4,0,3,0,0,0,0,4,1,2,0,4,0,11
50000,0.8,0.7853981633974483,0.125,2.5,0.2,0.07,0.029343364547842796,0.02992,0.02502000000000003,385,120,6,70,14,5,0,41,3,4,0,0,2,3,4,1,0,2,0,0,0,3,2,0,0,4,2,10
50000,0.8,0.7853981633974483,0.125,2.5,0.2,0.07,0.029343364547842796,0.02904,0.024680000000000007,382,92,4,81,11,9,1,56,3,1,1,0,3,1,5,0,0,0,0,0,0,2,1,1,1,1,0,8
50000,0.8,0.7853981633974483,0.125,2.5,0.2,0.07,0.029343364547842796,0.02824,0.02396000000000001,395,98,6,72,21,6,1,33,0,2,1,3,1,4,3,0,0,1,0,0,0,2,3,1,0,6,0,8
50000,0.8,0.7853981633974483,0.125,2.5,0.2,0.07,0.029343364547842796,0.03016,0.02470000000000002,385,126,6,53,14,5,1,41,5,2,1,2,2,0,7,4,2,2,0,0,0,4,2,1,0,3,1,9
50000,0.8,0.7853981633974483,0.125,2.5,0.2,0.07,0.029343364547842796,0.03024,0.026420000000000086,394,137,7,83,22,8,2,36,2,2,0,3,4,0,3,2,2,1,1,0,0,1,1,2,1,2,1,7
50000,0.8,0.7853981633974483,0.125,2.5,0.2,0.07,0.029343364547842796,0.02918,0.024940000000000042,392,124,4,71,20,9,0,30,3,2,0,0,0,2,9,0,1,2,0,1,0,1,1,2,0,2,0,12
50000,0.8,0.7853981633974483,0.125,2.5,0.2,0.07,0.029343364547842796,0.0288,0.02468000000000002,366,131,2,62,15,12,0,37,2,2,1,0,0,2,4,1,1,5,0,0,0,4,3,2,1,7,1,7
50000,0.8,0.7853981633974483,0.125,2.5,0.2,0.07,0.029343364547842796,0.02684,0.02348000000000002,394,112,5,62,20,9,3,39,1,1,2,2,3,2,0,1,0,3,0,0,0,2,2,0,0,1,3,4
50000,0.8,0.7853981633974483,0.125,2.5,0.2,0.07,0.029343364547842796,0.02996,0.025280000000000045,392,114,3,73,26,14,1,33,3,0,0,0,2,3,8,1,0,0,0,0,0,2,4,0,0,1,2,8
50000,0.8,0.7853981633974483,0.125,2.5,0.2,0.07,0.029343364547842796,0.02858,0.02502000000000005,391,118,3,81,13,11,1,42,2,3,1,1,0,1,2,0,2,0,1,0,0,5,3,0,0,0,0,8
50000,0.8,0.7853981633974483,0.125,2.5,0.2,0.07,0.029343364547842796,0.03188,0.02690000000000006,390,126,3,75,24,9,1,43,6,2,0,1,1,2,4,1,3,1,0,0,0,0,4,1,2,1,2,13
50000,0.8,0.7853981633974483,0.125,2.5,0.2,0.07,0.029343364547842796,0.02742,0.023400000000000056,358,136,4,78,12,13,0,32,2,3,0,0,1,1,2,1,1,0,0,0,0,0,2,0,1,0,0,7
50000,0.8,0.7853981633974483,0.125,2.5,0.2,0.07,0.029343364547842796,0.0295,0.02488000000000002,399,122,6,69,8,4,1,36,1,3,1,2,4,4,4,0,2,2,0,0,0,1,2,1,1,3,0,13
50000,0.8,0.7853981633974483,0.125,2.5,0.2,0.07,0.029343364547842796,0.0309,0.02610000000000002,383,113,4,77,7,14,0,46,2,2,1,1,2,1,7,3,0,1,0,0,0,3,3,0,1,1,1,15
50000,0.8,0.7853981633974483,0.125,2.5,0.2,0.07,0.029343364547842796,0.02946,0.02634000000000001,385,112,4,69,17,9,2,42,1,2,1,1,0,4,7,1,2,1,0,0,0,4,4,2,1,4,2,14
50000,0.8,0.7853981633974483,0.125,2.5,0.2,0.07,0.029343364547842796,0.02868,0.024960000000000045,378,125,4,71,19,11,0,41,3,0,0,0,0,2,5,1,4,1,0,1,0,1,0,0,0,0,1,12
50000,0.8,0.7853981633974483,0.125,2.5,0.2,0.07,0.029343364547842796,0.03158,0.02684000000000001,409,103,5,78,15,13,0,35,5,0,3,0,5,4,6,1,0,0,0,0,0,4,2,1,2,4,1,17
50000,0.8,0.7853981633974483,0.125,2.5,0.2,0.07,0.029343364547842796,0.0319,0.02700000000000004,373,130,12,74,18,11,3,39,4,0,1,1,1,2,6,0,1,0,0,0,0,2,4,0,3,3,0,17
50000,0.8,0.7853981633974483,0.125,2.5,0.2,0.07,0.029343364547842796,0.02984,0.025480000000000034,387,128,5,66,15,9,0,35,4,0,1,0,4,3,7,2,1,3,0,0,0,3,2,1,1,3,1,11
50000,0.8,0.7853981633974483,0.125,2.5,0.2,0.07,0.029343364547842796,0.03082,0.025540000000000035,372,131,9,67,7,12,1,44,3,1,1,1,0,3,5,0,0,0,0,1,0,3,2,5,0,3,2,10
50000,0.8,0.7853981633974483,0.125,2.5,0.2,0.07,0.029343364547842796,0.02768,0.024060000000000015,385,110,6,67,16,4,0,37,0,2,0,1,2,1,5,1,2,0,0,0,0,4,4,2,1,3,0,9
50000,0.8,0.7853981633974483,0.125,2.5,0.2,0.07,0.029343364547842796,0.03002,0.025820000000000037,415,117,6,82,11,7,0,42,1,6,0,0,1,1,5,0,2,2,0,0,0,2,2,0,0,6,0,8
50000,0.8,0.7853981633974483,0.125,2.5,0.2,0.07,0.029343364547842796,0.02844,0.025500000000000023,409,122,4,77,10,4,1,35,1,4,2,0,2,2,4,3,0,0,0,0,0,2,2,1,0,3,0,16
50000,0.8,0.7853981633974483,0.125,2.5,0.2,0.07,0.029343364547842796,0.02834,0.025640000000000045,389,122,4,72,18,13,1,44,3,1,2,0,2,2,4,1,0,0,0,0,0,2,2,0,1,2,1,10
50000,0.8,0.7853981633974483,0.125,2.5,0.2,0.07,0.029343364547842796,0.0309,0.026660000000000038,411,124,7,76,14,11,2,32,2,2,0,0,1,5,3,2,4,1,0,0,0,3,4,1,0,3,2,15
50000,0.8,0.7853981633974483,0.125,2.5,0.2,0.07,0.029343364547842796,0.03056,0.025940000000000032,408,108,4,81,18,11,0,44,1,1,1,1,1,0,3,1,2,1,0,0,0,5,3,2,1,1,0,10
50000,0.8,0.7853981633974483,0.125,2.5,0.2,0.07,0.029343364547842796,0.02668,0.024500000000000022,410,128,4,58,11,10,1,34,3,1,2,1,2,2,3,2,1,2,0,0,1,2,5,2,0,0,1,10
50000,0.8,0.7853981633974483,0.125,2.5,0.2,0.07,0.029343364547842796,0.0285,0.02520000000000003,355,135,4,76,13,7,0,28,5,2,0,1,2,0,7,0,3,0,0,1,0,1,5,0,2,6,0,13
50000,0.8,0.7853981633974483,0.125,2.5,0.2,0.07,0.029343364547842796,0.02922,0.02526000000000002,369,103,13,79,12,13,1,51,3,2,0,0,1,2,3,0,0,3,0,0,0,0,0,2,0,2,0,13
50000,0.8,0.7853981633974483,0.125,2.5,0.2,0.07,0.029343364547842796,0.02804,0.02608000000000002,412,119,4,70,12,7,1,33,5,2,2,1,1,3,2,3,4,0,0,0,0,4,3,2,1,2,2,17
50000,0.8,0.7853981633974483,0.125,2.5,0.2,0.07,0.029343364547842796,0.02836,0.02526000000000002,356,117,7,80,7,13,2,43,1,1,0,2,4,2,4,1,0,1,0,1,0,4,2,1,1,3,3,8
50000,0.8,0.7853981633974483,0.125,2.5,0.2,0.07,0.029343364547842796,0.02906,0.025280000000000014,399,111,8,64,16,13,3,35,0,3,2,1,1,4,8,2,0,0,0,0,0,4,2,1,1,1,2,11
50000,0.8,0.7853981633974483,0.125,2.5,0.2,0.07,0.029343364547842796,0.02848,0.02540000000000003,360,131,7,72,15,12,1,46,2,0,1,0,1,1,5,0,0,2,0,0,0,3,2,0,1,1,0,12
50000,0.8,0.7853981633974483,0.125,2.5,0.2,0.07,0.029343364547842796,0.02956,0.024580000000000025,400,112,9,80,8,4,1,31,5,3,0,0,2,3,4,0,2,2,0,0,1,0,2,1,0,3,0,13
50000,0.8,0.7853981633974483,0.125,2.5,0.2,0.07,0.029343364547842796,0.02684,0.023759999999999996,347,119,8,57,20,7,0,41,0,0,1,2,1,6,3,0,2,2,0,1,0,5,3,1,0,0,0,10
50000,0.8,0.7853981633974483,0.125,2.5,0.2,0.07,0.029343364547842796,0.03282,0.027300000000000012,419,111,7,84,11,8,1,42,3,1,2,2,3,0,7,1,0,2,0,0,0,2,2,2,0,0,1,20
50000,0.8,0.7853981633974483,0.125,2.5,0.2,0.07,0.029343364547842796,0.03054,0.02562000000000003,381,110,9,85,13,9,1,40,2,1,1,0,1,1,5,1,3,3,0,1,0,4,4,0,1,3,0,9
50000,0.8,0.7853981633974483,0.125,2.5,0.2,0.07,0.029343364547842796,0.0286,0.02578000000000004,415,122,9,72,11,10,0,34,4,1,0,1,3,2,4,1,2,0,0,1,0,2,1,2,2,2,0,14
50000,0.8,0.7853981633974483,0.125,2.5,0.2,0.07,0.029343364547842796,0.0295,0.02549999999999999,433,98,4,72,13,7,2,44,0,1,0,0,2,1,4,4,2,1,1,0,0,2,2,1,0,2,1,14
50000,0.8,0.7853981633974483,0.125,2.5,0.2,0.07,0.029343364547842796,0.03094,0.02658000000000006,410,135,8,67,15,10,0,46,2,2,0,0,3,2,4,0,3,1,0,0,0,4,2,3,0,3,1,8
50000,0.8,0.7853981633974483,0.125,2.5,0.2,0.07,0.029343364547842796,0.03106,0.027200000000000057,406,124,6,91,10,10,1,39,5,1,0,0,6,0,7,0,2,0,0,0,0,2,3,2,0,2,1,12
50000,0.8,0.7853981633974483,0.125,2.5,0.2,0.07,0.029343364547842796,0.02702,0.024380000000000044,392,118,9,69,21,5,0,31,4,1,0,0,0,3,3,0,3,1,1,0,0,3,4,2,0,0,2,9
50000,0.8,0.7853981633974483,0.125,2.5,0.2,0.07,0.029343364547842796,0.02772,0.02428000000000004,389,112,5,83,12,9,2,36,0,3,0,1,1,1,3,1,0,1,0,0,0,3,5,1,3,1,1,4
50000,0.8,0.7853981633974483,0.125,2.5,0.2,0.07,0.029343364547842796,0.02938,0.026280000000000033,367,111,5,81,14,12,0,48,4,4,0,1,4,0,6,2,1,2,0,0,1,0,5,3,0,3,1,9
50000,0.8,0.7853981633974483,0.125,2.5,0.2,0.07,0.029343364547842796,0.0294,0.025040000000000024,417,115,9,68,15,6,3,42,1,3,0,1,0,1,3,0,1,3,0,0,0,4,2,2,1,4,2,5
50000,0.8,0.7853981633974483,0.125,2.5,0.2,0.07,0.029343364547842796,0.02964,0.025220000000000083,385,138,13,78,22,11,3,27,3,1,0,0,1,2,1,0,2,1,0,0,0,4,2,0,1,3,1,6
50000,0.8,0.7853981633974483,0.125,2.5,0.2,0.07,0.029343364547842796,0.03088,0.02604000000000002,405,115,6,71,16,11,3,37,3,2,0,1,0,2,7,2,1,2,0,0,0,2,2,0,0,6,2,12
50000,0.8,0.7853981633974483,0.125,2.5,0.2,0.07,0.029343364547842796,0.02912,0.024500000000000022,387,112,4,70,14,5,2,44,4,4,0,2,0,2,4,0,1,3,0,0,0,5,1,1,0,3,1,6
50000,0.8,0.7853981633974483,0.125,2.5,0.2,0.07,0.029343364547842796,0.02664,0.02368000000000003,386,123,6,61,15,10,0,29,0,2,0,0,3,2,3,1,1,0,0,0,0,1,3,2,0,3,2,11
50000,0.8,0.7853981633974483,0.125,2.5,0.2,0.07,0.029343364547842796,0.03016,0.026340000000000037,383,130,5,74,15,11,0,40,0,0,2,3,1,3,3,1,0,1,0,0,0,3,2,3,1,3,0,16
50000,0.8,0.7853981633974483,0.125,2.5,0.2,0.07,0.029343364547842796,0.02906,0.023779999999999996,395,108,4,65,10,7,3,37,1,1,1,0,0,0,3,1,4,2,0,0,0,3,3,1,0,2,0,14
50000,0.8,0.7853981633974483,0.125,2.5,0.2,0.07,0.029343364547842796,0.03074,0.02656000000000005,397,109,11,85,15,11,0,43,1,2,0,1,3,3,6,0,3,1,0,0,0,4,0,1,0,4,2,9
50000,0.8,0.7853981633974483,0.125,2.5,0.2,0.07,0.029343364547842796,0.02736,0.024400000000000043,374,123,6,67,19,13,1,33,4,2,0,0,1,3,3,1,3,0,0,0,0,1,2,1,0,1,0,12
50000,0.8,0.7853981633974483,0.125,2.5,0.2,0.07,0.029343364547842796,0.0298,0.02524000000000004,389,114,3,72,16,4,1,42,4,5,2,0,2,3,3,1,5,0,0,0,2,3,2,3,0,5,3,4
50000,0.8,0.7853981633974483,0.125,2.5,0.2,0.07,0.029343364547842796,0.02714,0.024260000000000025,371,122,1,73,10,15,1,38,0,4,0,2,1,1,6,0,1,3,0,1,0,2,3,1,0,0,0,8
50000,0.8,0.7853981633974483,0.125,2.5,0.2,0.07,0.029343364547842796,0.03074,0.025160000000000037,351,109,13,93,18,10,2,34,4,1,0,0,1,3,6,2,0,2,0,0,0,2,3,2,0,1,3,6
50000,0.8,0.7853981633974483,0.125,2.5,0.2,0.07,0.029343364547842796,0.02914,0.025980000000000038,410,126,4,66,10,12,1,46,1,4,0,2,2,2,8,2,1,0,0,0,0,3,3,1,1,1,0,8
50000,0.8,0.7853981633974483,0.125,2.5,0.2,0.07,0.029343364547842796,0.02902,0.02532000000000004,380,125,5,84,6,9,2,44,3,0,2,0,4,2,3,0,1,0,0,0,0,0,5,0,0,3,0,9
50000,0.8,0.7853981633974483,0.125,2.5,0.2,0.07,0.029343364547842796,0.02888,0.025620000000000004,370,113,3,72,16,12,1,40,3,0,2,1,0,3,7,1,1,2,0,1,0,0,6,1,0,3,0,15
50000,0.8,0.7853981633974483,0.125,2.5,0.2,0.07,0.029343364547842796,0.02676,0.02424000000000002,393,95,7,75,18,7,0,33,4,3,1,0,1,3,4,1,3,0,0,0,1,5,1,1,0,2,2,9
50000,0.8,0.7853981633974483,0.125,2.5,0.2,0.07,0.029343364547842796,0.03034,0.025900000000000045,387,123,5,76,13,12,3,42,4,1,1,1,0,2,5,2,1,1,1,0,0,4,1,3,0,2,1,9
50000,0.8,0.7853981633974483,0.125,2.5,0.2,0.07,0.029343364547842796,0.02928,0.025860000000000036,391,130,5,66,19,6,0,32,1,2,2,0,1,2,8,1,3,1,0,0,0,7,2,1,2,3,4,10
50000,0.8,0.7853981633974483,0.125,2.5,0.2,0.07,0.029343364547842796,0.02908,0.025800000000000045,365,133,4,76,18,12,1,41,2,1,1,1,0,3,8,0,1,0,0,0,0,3,2,2,0,2,0,9
50000,0.8,0.7853981633974483,0.125,2.5,0.2,0.07,0.029343364547842796,0.02842,0.02448000000000003,399,113,9,81,13,2,0,26,1,1,1,2,2,2,5,1,2,0,0,0,0,4,2,1,1,5,0,10
50000,0.8,0.7853981633974483,0.125,2.5,0.2,0.07,0.029343364547842796,0.02886,0.025600000000000067,413,137,6,87,12,4,0,34,3,1,0,0,0,1,2,1,0,0,0,0,0,6,3,0,0,3,1,7
50000,0.8,0.7853981633974483,0.125,2.5,0.2,0.07,0.029343364547842796,0.02794,0.024580000000000036,394,109,13,84,9,8,0,35,1,1,1,0,0,1,5,0,2,1,0,0,0,3,4,0,0,3,1,8
50000,0.8,0.7853981633974483,0.125,2.5,0.2,0.07,0.029343364547842796,0.0298,0.025600000000000036,411,121,6,73,12,7,2,40,5,2,0,2,2,1,5,2,1,2,0,0,0,2,2,2,0,2,2,8
50000,0.8,0.7853981633974483,0.125,2.5,0.2,0.07,0.029343364547842796,0.03132,0.026240000000000038,397,121,2,85,17,6,3,42,2,2,0,1,2,0,8,0,1,1,0,0,0,2,4,0,0,0,0,12
50000,0.8,0.7853981633974483,0.125,2.5,0.2,0.07,0.029343364547842796,0.02964,0.026340000000000047,382,122,2,79,16,10,1,51,1,2,0,2,0,2,7,3,2,0,0,1,0,0,0,0,0,3,0,12
50000,0.8,0.7853981633974483,0.125,2.5,0.2,0.07,0.029343364547842796,0.02874,0.025580000000000044,415,123,5,69,18,8,1,50,3,1,1,1,0,0,3,1,2,1,0,0,0,1,2,1,0,2,0,8
50000,0.8,0.7853981633974483,0.125,2.5,0.2,0.07,0.029343364547842796,0.03072,0.02666000000000004,384,133,5,78,10,9,0,40,2,0,0,0,0,1,6,0,2,1,0,0,1,3,7,5,0,2,0,15
50000,0.8,0.7853981633974483,0.125,2.5,0.2,0.07,0.029343364547842796,0.02956,0.025920000000000016,384,110,8,72,12,10,2,42,3,1,2,3,1,3,9,2,1,3,0,0,0,2,1,3,1,2,1,12
50000,0.8,0.7853981633974483,0.125,2.5,0.2,0.07,0.029343364547842796,0.02966,0.025280000000000056,413,121,10,83,17,8,0,35,1,0,0,0,0,3,2,0,1,1,0,0,0,2,3,3,0,2,0,8
50000,0.8,0.7853981633974483,0.125,2.5,0.2,0.07,0.029343364547842796,0.03064,0.026600000000000044,368,141,8,78,16,2,1,37,1,3,2,0,1,2,4,1,1,1,0,1,0,6,2,4,0,2,2,15
50000,0.8,0.7853981633974483,0.125,2.5,0.2,0.07,0.029343364547842796,0.02958,0.026380000000000067,411,130,13,88,20,5,3,30,2,3,1,1,0,1,3,0,2,2,1,0,0,2,4,1,1,1,0,10
50000,0.8,0.7853981633974483,0.125,2.5,0.2,0.07,0.029343364547842796,0.0288,0.025840000000000054,396,130,8,68,18,10,0,39,3,1,3,2,3,2,3,0,1,0,0,0,0,4,2,3,0,1,1,10
50000,0.8,0.7853981633974483,0.125,2.5,0.2,0.07,0.029343364547842796,0.02976,0.02580000000000004,402,123,9,71,15,10,2,45,3,0,1,1,0,3,5,2,1,4,0,1,0,2,1,0,1,0,0,10
50000,0.8,0.7853981633974483,0.125,2.5,0.2,0.07,0.029343364547842796,0.02884,0.02412000000000004,368,139,3,67,10,7,1,45,0,3,1,1,0,2,2,1,2,1,0,0,0,1,3,0,0,2,2,6
50000,0.8,0.7853981633974483,0.125,2.5,0.2,0.07,0.029343364547842796,0.0291,0.02631999999999998,355,107,6,70,12,9,1,55,2,2,0,2,2,1,4,1,0,2,0,1,0,3,3,0,0,2,1,22
50000,0.8,0.7853981633974483,0.125,2.5,0.2,0.07,0.029343364547842796,0.02866,0.02418000000000003,359,127,5,74,15,9,2,37,3,0,0,1,0,2,1,0,1,1,0,0,0,5,3,1,2,2,1,7
50000,0.8,0.7853981633974483,0.125,2.5,0.2,0.07,0.029343364547842796,0.0294,0.02506000000000004,386,123,7,64,17,5,2,50,1,5,1,2,0,5,1,2,0,0,0,0,0,3,0,2,0,3,0,8
50000,0.8,0.7853981633974483,0.125,2.5,0.2,0.07,0.029343364547842796,0.02886,0.02412000000000001,357,114,3,85,7,12,1,33,1,2,0,1,0,1,7,2,0,2,0,0,0,4,3,1,0,2,2,8
50000,0.8,0.7853981633974483,0.125,2.5,0.2,0.07,0.029343364547842796,0.03052,0.025740000000000023,389,103,7,83,13,12,0,42,1,1,3,2,1,2,6,2,0,0,1,0,0,2,0,1,0,2,0,15
50000,0.8,0.7853981633974483,0.125,2.5,0.2,0.07,0.029343364547842796,0.0314,0.026800000000000008,413,106,4,73,10,10,4,47,5,1,2,1,3,6,4,3,2,0,0,1,0,1,2,2,1,2,2,14
50000,0.8,0.7853981633974483,0.125,2.5,0.2,0.07,0.029343364547842796,0.02982,0.025600000000000046,414,124,10,81,12,6,0,36,1,0,1,1,0,1,8,2,3,1,0,0,1,0,3,0,0,4,0,8
50000,0.8,0.7853981633974483,0.125,2.5,0.2,0.07,0.029343364547842796,0.02896,0.025180000000000057,402,125,13,69,14,10,1,39,3,1,1,1,3,2,5,1,1,0,0,0,0,0,4,2,0,1,0,7
50000,0.8,0.7853981633974483,0.125,2.5,0.2,0.07,0.029343364547842796,0.0294,0.026240000000000017,407,111,5,76,13,9,0,47,1,2,0,1,2,3,3,0,0,3,0,0,0,4,3,1,1,2,0,14
50000,0.8,0.7853981633974483,0.125,2.5,0.2,0.07,0.029343364547842796,0.03252,0.029060000000000096,396,150,6,89,21,8,1,47,1,7,3,1,0,3,5,0,1,1,0,0,0,2,1,3,1,0,2,14
50000,0.8,0.7853981633974483,0.125,2.5,0.2,0.07,0.029343364547842796,0.0292,0.02612000000000004,389,130,9,64,13,5,1,37,4,1,1,1,2,1,8,3,4,1,0,0,0,6,4,3,1,3,0,11
50000,0.8,0.7853981633974483,0.125,2.5,0.2,0.07,0.029343364547842796,0.0284,0.02544000000000004,401,115,4,73,23,10,2,44,4,0,1,0,3,0,5,0,1,2,0,0,0,2,2,1,0,1,0,8
50000,0.8,0.7853981633974483,0.125,2.5,0.2,0.07,0.029343364547842796,0.02968,0.02550000000000006,414,127,11,76,11,11,1,36,7,1,0,1,0,3,2,0,1,2,0,0,0,3,4,2,1,0,1,6
50000,0.8,0.7853981633974483,0.125,2.5,0.2,0.07,0.029343364547842796,0.02972,0.02556000000000002,398,99,4,78,12,16,1,49,6,0,3,0,1,1,6,1,1,2,0,0,0,0,3,1,2,1,0,9
50000,0.8,0.7853981633974483,0.125,2.5,0.2,0.07,0.029343364547842796,0.02884,0.025080000000000057,395,145,7,61,13,8,1,38,1,1,0,1,0,3,6,1,2,2,0,0,0,2,4,1,0,3,1,6
50000,0.8,0.7853981633974483,0.125,2.5,0.2,0.07,0.029343364547842796,0.0275,0.024520000000000028,401,119,4,67,18,11,2,35,1,0,0,0,2,2,5,2,0,2,0,0,0,2,4,1,0,1,0,9
50000,0.8,0.7853981633974483,0.125,2.5,0.2,0.07,0.029343364547842796,0.02934,0.02522000000000003,380,109,7,83,11,15,3,40,2,2,1,0,2,2,5,1,2,2,0,0,0,2,1,0,0,3,2,8
50000,0.8,0.7853981633974483,0.125,2.5,0.2,0.07,0.029343364547842796,0.02832,0.02468000000000003,380,124,4,63,16,13,2,42,3,2,1,0,0,2,1,0,0,1,0,1,0,3,2,1,0,5,0,10
50000,0.8,0.7853981633974483,0.125,2.5,0.2,0.07,0.029343364547842796,0.02882,0.025240000000000016,373,116,2,70,16,13,1,39,2,2,3,4,1,2,6,2,0,3,0,1,0,4,1,2,1,2,1,9
50000,0.8,0.7853981633974483,0.125,2.5,0.2,0.07,0.029343364547842796,0.03066,0.025860000000000005,338,120,4,76,15,11,2,51,2,1,0,0,0,3,6,0,2,0,1,0,0,2,6,1,0,1,1,13
50000,0.8,0.7853981633974483,0.125,2.5,0.2,0.07,0.029343364547842796,0.03172,0.027700000000000044,430,126,11,74,20,7,4,31,5,3,1,2,2,2,5,2,5,2,0,0,0,6,6,1,0,2,0,12
50000,0.8,0.7853981633974483,0.125,2.5,0.2,0.07,0.029343364547842796,0.0288,0.02510000000000005,368,140,12,69,15,9,0,26,3,2,0,1,4,2,8,0,0,3,0,0,0,3,3,2,0,3,2,8
50000,0.8,0.7853981633974483,0.125,2.5,0.2,0.07,0.029343364547842796,0.0291,0.025120000000000035,383,120,5,72,16,10,1,40,2,0,1,0,2,0,6,2,0,1,0,0,0,8,4,1,1,2,1,5
50000,0.8,0.7853981633974483,0.125,2.5,0.2,0.07,0.029343364547842796,0.02656,0.023399999999999997,340,107,3,75,15,10,2,37,3,1,1,1,3,3,2,1,2,0,0,0,1,3,1,0,1,1,2,9
50000,0.8,0.7853981633974483,0.125,2.5,0.2,0.07,0.029343364547842796,0.02782,0.024920000000000022,388,114,1,73,14,6,2,38,2,5,0,0,0,3,3,1,2,2,0,0,0,4,2,4,1,2,0,12
50000,0.8,0.7853981633974483,0.125,2.5,0.2,0.07,0.029343364547842796,0.02998,0.025280000000000004,385,97,4,75,13,12,0,39,3,1,0,0,1,4,5,3,1,1,0,1,0,3,3,1,0,2,0,17
